id,timestep,position_x,position_y,position_z,velocity_x,velocity_y,velocity_z,target_type,priority
1,0.0,16473.182502797266,-19587.043014170522,47982.63152190871,-1539.8155934839926,2093.447668956868,-4798.263152190871,Ballistic_Missile,1
1,1.0,14933.526264506014,-17493.99579347011,43179.38020385221,-1539.6562382912527,2093.047220700413,-4803.251318056502,Ballistic_Missile,1
1,2.0,13394.15012610724,-15401.652258466405,38374.82336211078,-1539.376138398773,2092.3435350037043,-4804.556841741436,Ballistic_Missile,1
1,3.0,11855.266586987222,-13310.545691548605,33575.43333753277,-1538.8835391200198,2091.106566917801,-4799.3900245780105,Ballistic_Missile,1
1,4.0,10317.249420179804,-11221.612905687634,28792.514527747007,-1538.0171668074183,2088.9327858609695,-4782.918809785763,Ballistic_Missile,1
1,5.0,8780.754857720494,-9136.49496498979,24045.576972622985,-1536.4945624593092,2085.117940697844,-4746.937555124022,Ballistic_Missile,1
1,6.0,7246.930329179837,-7058.049938950278,19367.563768427826,-1533.8245285406576,2078.445026039511,-4678.013204195157,Ballistic_Missile,1
1,7.0,5717.76614908533,-4991.200880151486,14811.954028088632,-1529.1641800945076,2066.849058798792,-4555.609740339195,Ballistic_Missile,1
1,8.0,4196.664639475993,-2944.260518776853,10459.719020993663,-1521.1015096093367,2046.9403613746324,-4352.235007094968,Ballistic_Missile,1
1,9.0,2689.295425690846,-930.7846409400197,6419.340320202711,-1507.369213785147,2013.4758778368334,-4040.3787007909527,Ballistic_Missile,1
1,10.0,1204.7101367714426,1028.3901016249126,2807.9205178666284,-1484.5852889194034,1959.1747425649323,-3611.4198023360827,Ballistic_Missile,1
1,11.0,,,0.0,0.0,0.0,0.0,Ballistic_Missile,1
1,12.0,,,0.0,0.0,0.0,0.0,Ballistic_Missile,1
1,13.0,,,0.0,0.0,0.0,0.0,Ballistic_Missile,1
1,14.0,,,0.0,0.0,0.0,0.0,Ballistic_Missile,1
1,15.0,,,0.0,0.0,0.0,0.0,Ballistic_Missile,1
1,16.0,,,0.0,0.0,0.0,0.0,Ballistic_Missile,1
1,17.0,,,0.0,0.0,0.0,0.0,Ballistic_Missile,1
1,18.0,,,0.0,0.0,0.0,0.0,Ballistic_Missile,1
1,19.0,,,0.0,0.0,0.0,0.0,Ballistic_Missile,1
1,20.0,,,0.0,0.0,0.0,0.0,Ballistic_Missile,1
1,21.0,,,0.0,0.0,0.0,0.0,Ballistic_Missile,1
1,22.0,,,0.0,0.0,0.0,0.0,Ballistic_Missile,1
1,23.0,,,0.0,0.0,0.0,0.0,Ballistic_Missile,1
1,24.0,,,0.0,0.0,0.0,0.0,Ballistic_Missile,1
1,25.0,,,0.0,0.0,0.0,0.0,Ballistic_Missile,1
1,26.0,,,0.0,0.0,0.0,0.0,Ballistic_Missile,1
1,27.0,,,0.0,0.0,0.0,0.0,Ballistic_Missile,1
1,28.0,,,0.0,0.0,0.0,0.0,Ballistic_Missile,1
1,29.0,,,0.0,0.0,0.0,0.0,Ballistic_Missile,1
1,30.0,,,0.0,0.0,0.0,0.0,Ballistic_Missile,1
1,31.0,,,0.0,0.0,0.0,0.0,Ballistic_Missile,1
1,32.0,,,0.0,0.0,0.0,0.0,Ballistic_Missile,1
1,33.0,,,0.0,0.0,0.0,0.0,Ballistic_Missile,1
1,34.0,,,0.0,0.0,0.0,0.0,Ballistic_Missile,1
1,35.0,,,0.0,0.0,0.0,0.0,Ballistic_Missile,1
1,36.0,,,0.0,0.0,0.0,0.0,Ballistic_Missile,1
1,37.0,,,0.0,0.0,0.0,0.0,Ballistic_Missile,1
1,38.0,,,0.0,0.0,0.0,0.0,Ballistic_Missile,1
1,39.0,,,0.0,0.0,0.0,0.0,Ballistic_Missile,1
1,40.0,,,0.0,0.0,0.0,0.0,Ballistic_Missile,1
1,41.0,,,0.0,0.0,0.0,0.0,Ballistic_Missile,1
1,42.0,,,0.0,0.0,0.0,0.0,Ballistic_Missile,1
1,43.0,,,0.0,0.0,0.0,0.0,Ballistic_Missile,1
1,44.0,,,0.0,0.0,0.0,0.0,Ballistic_Missile,1
1,45.0,,,0.0,0.0,0.0,0.0,Ballistic_Missile,1
1,46.0,,,0.0,0.0,0.0,0.0,Ballistic_Missile,1
1,47.0,,,0.0,0.0,0.0,0.0,Ballistic_Missile,1
1,48.0,,,0.0,0.0,0.0,0.0,Ballistic_Missile,1
1,49.0,,,0.0,0.0,0.0,0.0,Ballistic_Missile,1
1,50.0,,,0.0,0.0,0.0,0.0,Ballistic_Missile,1
1,51.0,,,0.0,0.0,0.0,0.0,Ballistic_Missile,1
1,52.0,,,0.0,0.0,0.0,0.0,Ballistic_Missile,1
1,53.0,,,0.0,0.0,0.0,0.0,Ballistic_Missile,1
1,54.0,,,0.0,0.0,0.0,0.0,Ballistic_Missile,1
1,55.0,,,0.0,0.0,0.0,0.0,Ballistic_Missile,1
1,56.0,,,0.0,0.0,0.0,0.0,Ballistic_Missile,1
1,57.0,,,0.0,0.0,0.0,0.0,Ballistic_Missile,1
1,58.0,,,0.0,0.0,0.0,0.0,Ballistic_Missile,1
1,59.0,,,0.0,0.0,0.0,0.0,Ballistic_Missile,1
1,60.0,,,0.0,0.0,0.0,0.0,Ballistic_Missile,1
1,61.0,,,0.0,0.0,0.0,0.0,Ballistic_Missile,1
1,62.0,,,0.0,0.0,0.0,0.0,Ballistic_Missile,1
1,63.0,,,0.0,0.0,0.0,0.0,Ballistic_Missile,1
1,64.0,,,0.0,0.0,0.0,0.0,Ballistic_Missile,1
1,65.0,,,0.0,0.0,0.0,0.0,Ballistic_Missile,1
1,66.0,,,0.0,0.0,0.0,0.0,Ballistic_Missile,1
1,67.0,,,0.0,0.0,0.0,0.0,Ballistic_Missile,1
1,68.0,,,0.0,0.0,0.0,0.0,Ballistic_Missile,1
1,69.0,,,0.0,0.0,0.0,0.0,Ballistic_Missile,1
1,70.0,,,0.0,0.0,0.0,0.0,Ballistic_Missile,1
1,71.0,,,0.0,0.0,0.0,0.0,Ballistic_Missile,1
1,72.0,,,0.0,0.0,0.0,0.0,Ballistic_Missile,1
1,73.0,,,0.0,0.0,0.0,0.0,Ballistic_Missile,1
1,74.0,,,0.0,0.0,0.0,0.0,Ballistic_Missile,1
1,75.0,,,0.0,0.0,0.0,0.0,Ballistic_Missile,1
1,76.0,,,0.0,0.0,0.0,0.0,Ballistic_Missile,1
1,77.0,,,0.0,0.0,0.0,0.0,Ballistic_Missile,1
1,78.0,,,0.0,0.0,0.0,0.0,Ballistic_Missile,1
1,79.0,,,0.0,0.0,0.0,0.0,Ballistic_Missile,1
1,80.0,,,0.0,0.0,0.0,0.0,Ballistic_Missile,1
1,81.0,,,0.0,0.0,0.0,0.0,Ballistic_Missile,1
1,82.0,,,0.0,0.0,0.0,0.0,Ballistic_Missile,1
1,83.0,,,0.0,0.0,0.0,0.0,Ballistic_Missile,1
1,84.0,,,0.0,0.0,0.0,0.0,Ballistic_Missile,1
1,85.0,,,0.0,0.0,0.0,0.0,Ballistic_Missile,1
1,86.0,,,0.0,0.0,0.0,0.0,Ballistic_Missile,1
1,87.0,,,0.0,0.0,0.0,0.0,Ballistic_Missile,1
1,88.0,,,0.0,0.0,0.0,0.0,Ballistic_Missile,1
1,89.0,,,0.0,0.0,0.0,0.0,Ballistic_Missile,1
1,90.0,,,0.0,0.0,0.0,0.0,Ballistic_Missile,1
1,91.0,,,0.0,0.0,0.0,0.0,Ballistic_Missile,1
1,92.0,,,0.0,0.0,0.0,0.0,Ballistic_Missile,1
1,93.0,,,0.0,0.0,0.0,0.0,Ballistic_Missile,1
1,94.0,,,0.0,0.0,0.0,0.0,Ballistic_Missile,1
1,95.0,,,0.0,0.0,0.0,0.0,Ballistic_Missile,1
1,96.0,,,0.0,0.0,0.0,0.0,Ballistic_Missile,1
1,97.0,,,0.0,0.0,0.0,0.0,Ballistic_Missile,1
1,98.0,,,0.0,0.0,0.0,0.0,Ballistic_Missile,1
1,99.0,,,0.0,0.0,0.0,0.0,Ballistic_Missile,1
2,0.0,32667.502715034192,24339.119083677353,8066.083737511707,-275.0074011300519,-199.92731009968287,0.0,cruise_missile,2
2,1.0,32392.792575630123,24139.100695715682,8065.555067611614,-274.71013940406834,-200.01838796167235,-0.5286699000936569,cruise_missile,2
2,2.0,32119.040712317346,23938.025331353652,8064.501961147386,-273.7518633127754,-201.07536436203176,-1.05310646422705,cruise_missile,2
2,3.0,31846.786075333133,23736.08604999033,8062.932854775852,-272.254636984214,-201.93928136332426,-1.5691063715338744,cruise_missile,2
2,4.0,31573.63499193201,23534.492244171568,8060.86032060892,-273.1510834011245,-201.59380581875868,-2.072534166931839,cruise_missile,2
2,5.0,31300.413109390192,23334.085274635378,8058.300965028098,-273.221882541816,-200.4069695361904,-2.5593555808221806,cruise_missile,2
2,6.0,31028.96347688769,23135.144160972755,8055.275295007807,-271.44963250250447,-198.94111366262095,-3.0256700202917197,cruise_missile,2
2,7.0,30759.423848022372,22936.122762134484,8051.807553042743,-269.53962886531633,-199.02139883826965,-3.467741965063585,cruise_missile,2
2,8.0,30491.176465950262,22737.644180439635,8047.92552203175,-268.24738207211107,-198.478581694849,-3.882031010992705,cruise_missile,2
2,9.0,30224.835250645352,22539.93778737381,8043.660301716052,-266.3412153049105,-197.70639306582703,-4.265220315697376,cruise_missile,2
2,10.0,29958.782329221172,22343.394531978312,8039.046058501216,-266.0529214241808,-196.54325539549785,-4.61424321483657,cruise_missile,2
2,11.0,29694.655094836267,22147.520124449893,8034.119750707777,-264.12723438490474,-195.8744075284185,-4.926307793439261,cruise_missile,2
2,12.0,29430.70471722202,21951.565638940825,8028.920831493374,-263.9503776142483,-195.95448550906863,-5.1989192144028875,cruise_missile,2
2,13.0,29168.080536702597,21755.61764702846,8023.490931867753,-262.62418051942393,-195.94799191236717,-5.429899625620812,cruise_missile,2
2,14.0,28906.04369238107,21560.15601427149,8017.873526379776,-262.03684432152545,-195.46163275696713,-5.617405487976165,cruise_missile,2
2,15.0,28644.79615656651,21365.749748534545,8012.113584191334,-261.2475358145586,-194.40626573694797,-5.759942188442317,cruise_missile,2
2,16.0,28384.111385867778,21172.08944124445,8006.257208365794,-260.6847706987323,-193.6603072900959,-5.856375825539403,cruise_missile,2
2,17.0,28125.16191049509,20979.381740485813,8000.351266287607,-258.94947537268837,-192.70770075863626,-5.905942078186576,cruise_missile,2
2,18.0,27867.148113178107,20787.026116836714,7994.443014194275,-258.01379731698415,-192.355623649098,-5.908252093332584,cruise_missile,2
2,19.0,27610.12329626545,20596.650910185443,7988.579718841861,-257.02481691265797,-190.3752066512723,-5.863295352414063,cruise_missile,2
2,20.0,27354.851487708806,20406.982467484206,7982.808279340405,-255.27180855664554,-189.6684427012353,-5.771439501456054,cruise_missile,2
2,21.0,27101.065530328196,20217.358227773148,7977.174852186132,-253.78595738060935,-189.62423971105798,-5.6334271542727,cruise_missile,2
2,22.0,26849.79004173111,20027.84642602185,7971.724482483595,-251.2754885970871,-189.51180175129826,-5.450369702536281,cruise_missile,2
2,23.0,26600.371635357427,19838.848359693045,7966.5007442933365,-249.41840637368213,-188.99806632880342,-5.2237381902590485,cruise_missile,2
2,24.0,26350.737328643667,19650.74782367184,7961.54539296005,-249.63430671375977,-188.10053602120234,-4.955351333286851,cruise_missile,2
2,25.0,26103.493303095747,19462.77300255092,7956.898032173487,-247.24402554791808,-187.97482112092143,-4.647360786562855,cruise_missile,2
2,26.0,25857.480510842364,19276.081405425146,7952.595798390461,-246.0127922533831,-186.69159712577243,-4.30223378302618,cruise_missile,2
2,27.0,25612.673312325755,19089.00703595077,7948.673065102538,-244.80719851661019,-187.07436947437745,-3.9227332879226715,cruise_missile,2
2,28.0,25368.924906484088,18902.3431075937,7945.161169271639,-243.7484058416679,-186.66392835706853,-3.5118958308991517,cruise_missile,2
2,29.0,25126.08168228373,18716.004883381946,7942.088162076218,-242.84322420035974,-186.3382242117543,-3.0730071954207423,cruise_missile,2
2,30.0,24884.646561117588,18528.8910401221,7939.478585915516,-241.43512116613968,-187.1138432598457,-2.609576160702007,cruise_missile,2
2,31.0,24643.62594479748,18341.48240858672,7937.353279410116,-241.02061632010884,-187.4086315353819,-2.125306505400948,cruise_missile,2
2,32.0,24404.534272475554,18155.186963807493,7935.729211915386,-239.09167232192604,-186.29544477922587,-1.6240674947291456,cruise_missile,2
2,33.0,24166.266382845635,17970.067340194568,7934.619348832053,-238.2678896299175,-185.11962361292498,-1.1098630833328809,cruise_missile,2
2,34.0,23928.0053655348,17785.129334859746,7934.032548756791,-238.2610173108383,-184.93800533482317,-0.5868000752627118,cruise_missile,2
2,35.0,23690.523400162972,17600.36236036531,7933.973493267245,-237.4819653718271,-184.76697449443705,-0.05905548954559281,cruise_missile,2
2,36.0,23452.564444890304,17416.2071797053,7934.4426498819585,-237.95895527266907,-184.15518066001172,0.4691566147133256,cruise_missile,2
2,37.0,23215.946257638338,17232.687540981045,7935.436268478112,-236.61818725196719,-183.5196387242555,0.9936185961535277,cruise_missile,2
2,38.0,22980.497613127227,17050.009557028916,7936.946411190653,-235.4486445111093,-182.67798395212836,1.5101427125412195,cruise_missile,2
2,39.0,22745.381722118607,16869.531807097323,7938.961015556976,-235.11589100861994,-180.4777499315943,2.014604366323852,cruise_missile,2
2,40.0,22509.741976359936,16689.4360912057,7941.4639904137175,-235.6397457586718,-180.09571589162076,2.502974856741391,cruise_missile,2
2,41.0,22275.78058615333,16509.288268288008,7944.43534379815,-233.96139020660527,-180.14782291769325,2.971353384432657,cruise_missile,2
2,42.0,22041.404133843942,16330.380475076223,7947.851341857947,-234.37645230938955,-178.90779321178545,3.415998059797388,cruise_missile,2
2,43.0,21806.67373113251,16151.799225042758,7951.684697531393,-234.73040271143222,-178.58125003346436,3.8333556734458782,cruise_missile,2
2,44.0,21573.223901089586,15973.334072129644,7955.904787527256,-233.4498300429238,-178.465152913113,4.220089995863019,cruise_missile,2
2,45.0,21339.410654290863,15797.244395262813,7960.477895911156,-233.81324679872455,-176.08967686683133,4.573108383900432,cruise_missile,2
2,46.0,21108.35914659823,15620.65935110831,7965.367482395006,-231.05150769263193,-176.5850441545032,4.8895864838492065,cruise_missile,2
2,47.0,20876.295665176516,15444.007526325257,7970.5344732295935,-232.06348142171413,-176.65182478305272,5.166990834587699,cruise_missile,2
2,48.0,20647.374216761487,15267.587320147926,7975.937572419178,-228.92144841502886,-176.4202061773311,5.403099189584186,cruise_missile,2
2,49.0,20417.84704422584,15091.353019837825,7981.533590812469,-229.52717253564575,-176.2343003101013,5.59601839329108,cruise_missile,2
2,50.0,20189.571972303107,14916.433983904157,7987.2777904780805,-228.27507192273333,-174.91903593366783,5.744199665611591,cruise_missile,2
2,51.0,19962.726978557414,14741.411293084888,7993.1242416456325,-226.84499374569438,-175.02269081926926,5.846451167551761,cruise_missile,2
2,52.0,19738.836827950345,14566.598145859765,7999.026189387409,-223.89015060707004,-174.81314722512283,5.901947741777165,cruise_missile,2
2,53.0,19516.291811410112,14392.621033039859,8004.936427130854,-222.54501654023179,-173.97711281990598,5.910237743445013,cruise_missile,2
2,54.0,19293.391816461935,14219.338859497679,8010.8076740300885,-222.89999494817624,-173.2821735421811,5.871246899234254,cruise_missile,2
2,55.0,19071.80509578784,14045.201452515419,8016.592953185877,-221.58672067409665,-174.13740698226033,5.7852791557892465,cruise_missile,2
2,56.0,18852.336742264335,13872.001666571055,8022.24596768853,-219.46835352350496,-173.19978594436412,5.653014502652605,cruise_missile,2
2,57.0,18634.082220948618,13699.265820895798,8027.721471467534,-218.25452131571592,-172.73584567525793,5.475503779003288,cruise_missile,2
2,58.0,18415.265457496527,13528.141115486556,8032.9756319654725,-218.8167634520891,-171.12470540924255,5.254160497938637,cruise_missile,2
2,59.0,18196.592427239368,13356.789732843936,8037.966381711908,-218.67303025715998,-171.3513826426206,4.990749746435935,cruise_missile,2
2,60.0,17979.680178371178,13186.017703779497,8042.653755955193,-216.91224886818875,-170.77202906443927,4.687374243285419,cruise_missile,2
2,61.0,17763.08700629321,13016.318890484337,8047.000213616176,-216.5931720779653,-169.69881329515832,4.346457660982637,cruise_missile,2
2,62.0,17546.80921187833,12847.71700899464,8050.970938956758,-216.27779441488104,-168.60188148969738,3.9707253405822316,cruise_missile,2
2,63.0,17330.593231192874,12680.285859932434,8054.534121507385,-216.21598068545794,-167.43114906220654,3.5631825506266344,cruise_missile,2
2,64.0,17115.06865402578,12512.465819819785,8057.66121196964,-215.52457716709162,-167.8200401126486,3.127090462255537,cruise_missile,2
2,65.0,16900.79687588639,12344.36472815182,8060.327152001905,-214.27177813938945,-168.1010916679645,2.6659400322650812,cruise_missile,2
2,66.0,16686.501675321182,12175.598437748082,8062.510576005925,-214.29520056520744,-168.76629040373837,2.1834240040197668,cruise_missile,2
2,67.0,16474.11481757703,12006.64886508467,8064.193983258463,-212.38685774415188,-168.94957266341171,1.6834072525378996,cruise_missile,2
2,68.0,16260.924529989972,11839.513492931454,8065.363878973064,-213.19028758705588,-167.13537215321543,1.16989571460074,cruise_missile,2
2,69.0,16048.059962136547,11672.132997259263,8066.010883130287,-212.86456785342492,-167.38049567219022,0.6470041572226246,cruise_missile,2
2,70.0,15836.048086078787,11506.121377803074,8066.129806178416,-212.01187605776028,-166.01161945618918,0.11892304812991694,cruise_missile,2
2,71.0,15624.252569637765,11340.105455583647,8065.719690978335,-211.79551644102168,-166.01592221942613,-0.41011520008125335,cruise_missile,2
2,72.0,15411.78565426717,11173.571486752599,8064.783820643542,-212.46691537059527,-166.53396883104895,-0.9358703347934224,cruise_missile,2
2,73.0,15197.731457916341,11007.099996029556,8063.329692206839,-214.05419635082924,-166.47149072304336,-1.4541284367026184,cruise_missile,2
2,74.0,14985.706917752888,10839.91567047946,8061.368956326446,-212.02454016345314,-167.18432555009596,-1.9607358803933304,cruise_missile,2
2,75.0,14773.145393639703,10673.442914601996,8058.917323523776,-212.56152411318524,-166.47275587746458,-2.4516328026699457,cruise_missile,2
2,76.0,14561.79833676067,10505.57468675804,8055.994437720378,-211.34705687903292,-167.86822784395477,-2.9228858033972895,cruise_missile,2
2,77.0,14351.18823422735,10336.975933732778,8052.623718110108,-210.61010253332074,-168.59875302526322,-3.370719610270595,cruise_missile,2
2,78.0,14140.666777058885,10170.703205690803,8048.832170662142,-210.5214571684642,-166.27272804197432,-3.7915474479661317,cruise_missile,2
2,79.0,13931.180682072043,10004.697688438528,8044.650170798717,-209.48609498684115,-166.00551725227564,-4.1819998634244335,cruise_missile,2
2,80.0,13722.333780987532,9838.046722041887,8040.111219026246,-208.84690108451045,-166.65096639664,-4.538951772471206,cruise_missile,2
2,81.0,13515.148975685946,9670.913552826614,8035.251671517799,-207.18480530158607,-167.1331692152718,-4.859547508446826,cruise_missile,2
2,82.0,13307.673144770204,9504.790044277863,8030.110447846965,-207.47583091574214,-166.12350854875115,-5.141223670833844,cruise_missile,2
2,83.0,13100.66859603617,9339.673828121367,8024.7287182561,-207.0045487340337,-165.11621615649548,-5.381729590864621,cruise_missile,2
2,84.0,12894.982879212414,9175.558415476049,8019.149573004536,-205.68571682375614,-164.11541264531803,-5.579145251564377,cruise_missile,2
2,85.0,12690.014995519941,9011.289115905112,8013.417676483105,-204.9678836924719,-164.26929957093617,-5.731896521431141,cruise_missile,2
2,86.0,12485.868497489748,8848.30115070252,8007.578908899349,-204.1464980301936,-162.98796520259222,-5.838767583756686,cruise_missile,2
2,87.0,12283.008264609416,8686.130678382568,8001.6799984321215,-202.86023288033127,-162.1704723199526,-5.898910467227122,cruise_missile,2
2,88.0,12080.464489224407,8523.770304511541,7995.768146824441,-202.54377538500898,-162.3603738710269,-5.911851607680472,cruise_missile,2
2,89.0,11878.97508279635,8361.229168399625,7989.890651428928,-201.48940642805573,-162.5411361119166,-5.877495395512429,cruise_missile,2
2,90.0,11679.452352165828,8198.137459223042,7984.094526740944,-199.52273063052252,-163.09170917658224,-5.796124687983874,cruise_missile,2
2,91.0,11479.97945248351,8035.409597719501,7978.426128450571,-199.47289968231692,-162.72786150354102,-5.668398290373284,cruise_missile,2
2,92.0,11281.72216903738,7872.7497721488435,7972.930783016251,-198.25728344612895,-162.65982557065763,-5.495345434320097,cruise_missile,2
2,93.0,11083.318017315603,7709.855803779452,7967.652425710632,-198.40415172177686,-162.89396836939204,-5.278357305618186,cruise_missile,2
2,94.0,10885.332622317981,7549.713153487171,7962.633250013681,-197.98539499762276,-160.1426502922801,-5.0191756969509385,cruise_missile,2
2,95.0,10689.328699197242,7390.5895963695275,7957.9133711302475,-196.0039231207387,-159.12355711764414,-4.719878883434122,cruise_missile,2
2,96.0,10494.369377231727,7231.651446591175,7953.530506290059,-194.95932196551385,-158.93814977835208,-4.3828648401886285,cruise_missile,2
2,97.0,10299.537319667184,7072.832652783687,7949.519674348701,-194.83205756454336,-158.81879380748785,-4.010831941357338,cruise_missile,2
2,98.0,10105.1595197276,6913.456557087373,7945.912917049821,-194.37779993958367,-159.3760956963145,-3.6067572988805354,cruise_missile,2
2,99.0,9911.14830560733,6753.625070484719,7942.73904413298,-194.01121412027035,-159.83148660265397,-3.1738729168414137,cruise_missile,2
3,0.0,36842.32299632654,17998.673756838893,8064.757235548339,-306.492922531564,-147.18046214787043,0.0,cruise_missile,2
3,1.0,36536.90432416921,17853.3081028845,8064.239177663952,-305.41867215732526,-145.3656539543913,-0.5180578843867115,cruise_missile,2
3,2.0,36231.97397037832,17709.713161242315,8063.207210177556,-304.9303537908901,-143.59494164218697,-1.0319674863966086,cruise_missile,2
3,3.0,35927.49346685165,17565.672950356166,8061.669600166701,-304.4805035266687,-144.04021088615025,-1.5376100108554995,cruise_missile,2
3,4.0,35624.243603722854,17422.63526879177,8059.638667009626,-303.24986312879275,-143.0376815643932,-2.0309331570741933,cruise_missile,2
3,5.0,35321.31390224924,17279.833822674947,8057.130683245624,-302.92970147361183,-142.80144611682232,-2.5079837640020064,cruise_missile,2
3,6.0,35019.3620227349,17137.493322222257,8054.165743601634,-301.9518795143356,-142.3405004526902,-2.9649396439904177,cruise_missile,2
3,7.0,34718.886696065856,16995.708761560392,8050.767603257694,-300.47532666904874,-141.7845606618641,-3.3981403439398963,cruise_missile,2
3,8.0,34421.58757044189,16854.040401165686,8046.963486675752,-297.29912562397055,-141.6683603947071,-3.804116581941712,cruise_missile,2
3,9.0,34124.84127057177,16712.02432608039,8042.783868556691,-296.7462998701161,-142.01607508529648,-4.179618119061056,cruise_missile,2
3,10.0,33830.51620446043,16570.021601182918,8038.262228717173,-294.3250661113449,-142.00272489747448,-4.521639839518277,cruise_missile,2
3,11.0,33536.38932595918,16427.752487089434,8033.434782889101,-294.1268785012485,-142.26911409348222,-4.827445828071275,cruise_missile,2
3,12.0,33244.41428506819,16285.638478098557,8028.340191638378,-291.97504089099186,-142.11400899087698,-5.094591250723226,cruise_missile,2
3,13.0,32952.94098784926,16143.441191513784,8023.019249774579,-291.47329721892817,-142.19728658477345,-5.320941863798827,cruise_missile,2
3,14.0,32661.303859324646,16000.990957507698,8017.5145587778225,-291.6371285246142,-142.45023400608545,-5.50469099675686,cruise_missile,2
3,15.0,32371.810248633057,15859.063559562112,8011.87018490219,-289.49361069158806,-141.92739794558736,-5.644373875632684,cruise_missile,2
3,16.0,32084.863573446422,15717.57813876372,8006.131305725672,-286.94667518663306,-141.48542079839194,-5.738879176518038,cruise_missile,2
3,17.0,31799.422665346476,15576.86826232897,8000.343848003905,-285.4409080999463,-140.70987643475084,-5.787457721767539,cruise_missile,2
3,18.0,31514.079958500613,15436.916494611189,7994.554119748456,-285.3427068458635,-139.9517677177812,-5.789728255448532,cruise_missile,2
3,19.0,31230.213775268618,15298.554354839303,7988.808439489756,-283.86618323199457,-138.36213977188498,-5.745680258700545,cruise_missile,2
3,20.0,30947.875552255344,15159.952850908167,7983.152765699834,-282.3382230132723,-138.60150393113673,-5.6556737899220115,cruise_missile,2
3,21.0,30665.755567730575,15020.666926012607,7977.632329340994,-282.1199845247691,-139.28592489555857,-5.520436358840344,cruise_missile,2
3,22.0,30386.35233643102,14880.891630288537,7972.291272473654,-279.4032312995549,-139.77529572406914,-5.3410568673400975,cruise_missile,2
3,23.0,30108.030666377574,14740.966839961062,7967.172295800428,-278.3216700534474,-139.92479032747613,-5.118976673226349,cruise_missile,2
3,24.0,29830.06935238179,14601.543113850283,7962.316317944726,-277.9613139957838,-139.4237261107793,-4.855977855702572,cruise_missile,2
3,25.0,29553.529258369515,14461.672119284121,7957.762149161652,-276.54009401227563,-139.8709945661617,-4.5541687830739415,cruise_missile,2
3,26.0,29276.7804605307,14321.673017211207,7953.546182057758,-276.7487978388176,-139.99910207291478,-4.2159671038934405,cruise_missile,2
3,27.0,29002.46949760029,14182.680890208354,7949.702101755449,-274.3109629304088,-138.9921270028528,-3.844080302309971,cruise_missile,2
3,28.0,28729.681432150523,14041.873800632373,7946.260617778817,-272.78806544976646,-140.8070895759809,-3.44148397663268,cruise_missile,2
3,29.0,28458.612348889616,13902.464150947115,7943.249219761829,-271.0690832609053,-139.40964968525842,-3.011398016986883,cruise_missile,2
3,30.0,28188.239906436178,13762.293071817508,7940.691958888515,-270.3724424534383,-140.1710791296055,-2.55726087331418,cruise_missile,2
3,31.0,27918.742464124072,13621.725719770962,7938.609256769728,-269.4974423121053,-140.56735204654638,-2.0827021187866577,cruise_missile,2
3,32.0,27650.467964236414,13481.489990397915,7937.017743243827,-268.2744998876596,-140.23572937304795,-1.5915135259010842,cruise_missile,2
3,33.0,27382.712886061603,13342.264858486955,7935.9301243607815,-267.7550781748112,-139.2251319109594,-1.0876188830450109,cruise_missile,2
3,34.0,27116.180242982427,13203.32328415709,7935.355081572637,-266.5326430791749,-138.94157432986506,-0.5750427881451965,cruise_missile,2
3,35.0,26850.406918849323,13065.968672101752,7935.2972029095445,-265.77332413310427,-137.3546120553386,-0.05787866309257095,cruise_missile,2
3,36.0,26586.654251812746,12928.306057613723,7935.756946671577,-263.7526670365766,-137.6626144880284,0.4597437620318654,cruise_missile,2
3,37.0,26322.52082224809,12791.04993164711,7936.730637913917,-264.1334295646566,-137.25612596661358,0.9736912423403906,cruise_missile,2
3,38.0,26059.26101948887,12653.444845988528,7938.210497748663,-263.2598027592214,-137.60508565858245,1.4798598347460903,cruise_missile,2
3,39.0,25797.111816339813,12516.208879500027,7940.184705232047,-262.14920314905436,-137.2359664885002,1.9742074833838559,cruise_missile,2
3,40.0,25535.037931132003,12378.519860249926,7942.63749135322,-262.0738852078102,-137.68901925010124,2.452786121173112,cruise_missile,2
3,41.0,25273.69350630545,12240.720809826844,7945.549264391564,-261.34442482655123,-137.79905042308206,2.9117730383441223,cruise_missile,2
3,42.0,25013.11058371511,12102.848008542924,7948.896765665548,-260.5829225903407,-137.8728012839207,3.3475012739834464,cruise_missile,2
3,43.0,24753.380013479844,11965.249609396433,7952.653254459156,-259.73057023526957,-137.5983991464908,3.7564887936082982,cruise_missile,2
3,44.0,24494.494463224197,11827.072099448034,7956.788720683585,-258.8855502556457,-138.17750994839793,4.135466224428436,cruise_missile,2
3,45.0,24234.99630128946,11688.996961875158,7961.270123613851,-259.4981619347371,-138.07513757287555,4.481402930265693,cruise_missile,2
3,46.0,23976.700552443675,11550.089089034878,7966.061654833886,-258.2957488457837,-138.9078728402809,4.791531220034868,cruise_missile,2
3,47.0,23718.119547342798,11411.818746183642,7971.125023331082,-258.581005100877,-138.2703428512367,5.063368497196186,cruise_missile,2
3,48.0,23460.390875936147,11273.559278657713,7976.419760503691,-257.7286714066502,-138.25946752592995,5.294737172608849,cruise_missile,2
3,49.0,23202.684193885932,11135.847660829299,7981.903542683367,-257.70668205021536,-137.71161782841483,5.483782179675996,cruise_missile,2
3,50.0,22946.53911741786,10999.14518330821,7987.532528631856,-256.1450764680726,-136.70247752108907,5.628985948489035,cruise_missile,2
3,51.0,22691.064048703,10862.071747553175,7993.2617093466115,-255.4750687148581,-137.07343575503495,5.729180714755845,cruise_missile,2
3,52.0,22438.00981744128,10724.895741203503,7999.045267406132,-253.05423126171644,-137.1760063496711,5.7835580595198275,cruise_missile,2
3,53.0,22186.936014107556,10588.611304658158,8004.83694300305,-251.07380333372734,-136.28443654534567,5.791675596918152,cruise_missile,2
3,54.0,21937.623664512023,10453.174992425942,8010.590403752395,-249.31234959553484,-135.436312232216,5.753460749344972,cruise_missile,2
3,55.0,21689.031663865528,10318.681980582605,8016.259615324618,-248.59200064649448,-134.49301184333603,5.6692115722223955,cruise_missile,2
3,56.0,21440.01905478175,10185.266022288153,8021.799209938586,-249.01260908377495,-133.41595829445276,5.539594613967991,cruise_missile,2
3,57.0,21192.927396294803,10052.006855707728,8027.164849759085,-247.09165848694855,-133.25916658042553,5.365639820499374,cruise_missile,2
3,58.0,20947.327328524574,9918.254582757494,8032.313582276625,-245.60006777022778,-133.75227295023444,5.148732517540044,cruise_missile,2
3,59.0,20701.39668012425,9784.39574789285,8037.204184804508,-245.93064840032486,-133.85883486464505,4.8906025278829235,cruise_missile,2
3,60.0,20456.546470567,9650.467024775082,8041.797495308927,-244.85020955724968,-133.92872311776807,4.5933105044188185,cruise_missile,2
3,61.0,20213.823794696607,9516.980960355924,8046.0567268918585,-242.72267587039204,-133.48606441915769,4.259231582931861,cruise_missile,2
3,62.0,19972.000922138075,9382.894478147393,8049.947763373045,-241.82287255853052,-134.08648220853192,3.8910364811866827,cruise_missile,2
3,63.0,19731.927897111396,9248.518255377394,8053.439433565512,-240.07302502668,-134.3762227699986,3.4916701924671747,cruise_missile,2
3,64.0,19493.898462023022,9114.542939726052,8056.503762007776,-238.02943508837572,-133.97531565134224,3.064328442263046,cruise_missile,2
3,65.0,19256.465661305123,8980.136340146271,8059.116194103809,-237.43280071789923,-134.40659957978033,2.6124320960333933,cruise_missile,2
3,66.0,19019.552250650802,8845.435302365784,8061.25579382752,-236.9134106543191,-134.70103778048772,2.1395997237111484,cruise_missile,2
3,67.0,18783.697400457702,8712.224261072057,8062.905412370187,-235.85485019309868,-133.21104129372682,1.6496185426663281,cruise_missile,2
3,68.0,18550.459904277242,8578.624236636422,8064.051826345239,-233.2374961804597,-133.60002443563388,1.1464139750516762,cruise_missile,2
3,69.0,18318.29582984472,8445.138360924315,8064.6858444129,-232.16407443252413,-133.48587571210754,0.6340180676616418,cruise_missile,2
3,70.0,18087.663629858205,8311.590206268276,8064.8023814454145,-230.63219998651255,-133.54815465603824,0.11653703251400438,cruise_missile,2
3,71.0,17857.746852960583,8178.4720980623415,8064.400499619618,-229.9167768976209,-133.11810820593487,-0.40188182579618603,cruise_missile,2
3,72.0,17627.95442800532,8044.368576762409,8063.483416095213,-229.79242495526162,-134.103521299932,-0.9170835244046182,cruise_missile,2
3,73.0,17399.508475532817,7911.004866161529,8062.058477211762,-228.44595247250123,-133.36371060087993,-1.4249388834518601,cruise_missile,2
3,74.0,17172.35564624136,7776.801499170332,8060.137099412842,-227.15282929145556,-134.20336699119738,-1.9213777989202616,cruise_missile,2
3,75.0,16944.845200094027,7643.18561753556,8057.734677379486,-227.51044614733448,-133.61588163477285,-2.4024220333561392,cruise_missile,2
3,76.0,16719.074268945653,7510.256883792309,8054.870460124543,-225.77093114837228,-132.9287337432502,-2.864217254943797,cruise_missile,2
3,77.0,16495.512628202192,7377.227445537561,8051.567396062624,-223.56164074346043,-133.029438254748,-3.3030640619188456,cruise_missile,2
3,78.0,16274.163326387956,7244.56557990789,8047.851948324484,-221.3493018142355,-132.6618656296708,-3.715447738139665,cruise_missile,2
3,79.0,16053.589222550228,7112.740511109496,8043.753881827797,-220.57410383772682,-131.82506879839488,-4.098066496686642,cruise_missile,2
3,80.0,15831.740241443911,6980.212040089392,8039.306023846283,-221.8489811063165,-132.52847102010372,-4.4478579815144625,cruise_missile,2
3,81.0,15611.914445887918,6848.284016252268,8034.544000033976,-219.82579555599372,-131.92802383712416,-4.762023812307291,cruise_missile,2
3,82.0,15392.501393643548,6717.082252946437,8029.505948059352,-219.41305224436988,-131.20176330583118,-5.038051974623985,cruise_missile,2
3,83.0,15174.070446663147,6585.893509113025,8024.232211183355,-218.4309469804017,-131.18874383341145,-5.273736875996756,cruise_missile,2
3,84.0,14955.684792519221,6454.390920875148,8018.765014274682,-218.3856541439262,-131.50258823787684,-5.467196908672827,cruise_missile,2
3,85.0,14739.476005760698,6323.675718120779,8013.148124893719,-216.20878675852347,-130.7152027543696,-5.6168893809629665,cruise_missile,2
3,86.0,14523.988587980684,6192.926530014405,8007.426502192247,-215.487417780013,-130.7491881063732,-5.721622701471448,cruise_missile,2
3,87.0,14309.265496419639,6062.575730144695,8001.645936468637,-214.7230915610454,-130.3507998697109,-5.780565723610792,cruise_missile,2
3,88.0,14095.306619941875,5931.64074442814,7995.852682287108,-213.9588764777631,-130.9349857165548,-5.79325418152885,cruise_missile,2
3,89.0,13881.57829998771,5801.388078941542,7990.093088114436,-213.72831995416448,-130.25266548659866,-5.759594172672244,cruise_missile,2
3,90.0,13667.698018896439,5671.359809513378,7984.413225447978,-213.88028109127194,-130.02826942816316,-5.679862666457737,cruise_missile,2
3,91.0,13454.54940536469,5541.0221322041725,7978.858520405273,-213.1486135317478,-130.3376773092059,-5.554705042705136,cruise_missile,2
3,92.0,13243.590969644127,5411.597407990699,7973.47339071788,-210.95843572056407,-129.42472421347372,-5.385129687393408,cruise_missile,2
3,93.0,13033.867747365708,5282.957299559572,7968.300891021143,-209.72322227841838,-128.6401084311274,-5.17249969673649,cruise_missile,2
3,94.0,12823.428790717455,5153.7787679091625,7963.382369257793,-210.4389566482526,-129.17853165040893,-4.918521763350094,cruise_missile,2
3,95.0,12614.369057017866,5024.141571746215,7958.75713691757,-209.05973369958946,-129.63719616294773,-4.625232340222077,cruise_missile,2
3,96.0,12404.73879711438,4896.216012522977,7954.462155718422,-209.63025990348564,-127.92555922323817,-4.29498119914833,cruise_missile,2
3,97.0,12196.52887893275,4769.07987287949,7950.531743198311,-208.20991818162966,-127.13613964348696,-3.930412520110979,cruise_missile,2
3,98.0,11989.09860807417,4642.832092604865,7946.997299531682,-207.43027085858,-126.24778027462548,-3.5344436666295334,cruise_missile,2
3,99.0,11780.734927814909,4515.636483094179,7943.8870577123835,-208.36368025926015,-127.19560951068514,-3.1102418192984347,cruise_missile,2
4,0.0,30304.990092300402,27192.01634815588,7922.317446865996,-255.74133061339006,-224.045468189144,0.0,cruise_missile,2
4,1.0,30050.97804756663,26967.807944936863,7922.938907291068,-254.01204473377138,-224.2084032190184,0.6214604250720295,cruise_missile,2
4,2.0,29798.536684943665,26742.775790927644,7924.176862046036,-252.44136262296445,-225.03215400922085,1.2379547549683032,cruise_missile,2
4,3.0,29547.768213919215,26519.340562669306,7926.021424076041,-250.7684710244499,-223.43522825833992,1.8445620300046177,cruise_missile,2
4,4.0,29297.390773410243,26297.066984360095,7928.457863925995,-250.37744050897325,-222.27357830920917,2.4364398499551054,cruise_missile,2
4,5.0,29047.470162892627,26077.548070064477,7931.466726701896,-249.92061051761678,-219.51891429561894,3.008862775900779,cruise_missile,2
4,6.0,28798.193039730035,25858.427235676474,7935.023986526907,-249.27712316259053,-219.12083438800434,3.5572598250111636,cruise_missile,2
4,7.0,28550.892025000954,25640.01216342401,7939.101237295244,-247.30101472908007,-218.41507225246613,4.077250768336734,cruise_missile,2
4,8.0,28305.538878140454,25422.682259534966,7943.665918245212,-245.35314686050074,-217.32990388904472,4.564680949968604,cruise_missile,2
4,9.0,28060.750060572434,25207.11597557113,7948.681572601379,-244.78881756801974,-215.56628396383462,5.01565435616675,cruise_missile,2
4,10.0,27818.880728339653,24992.776389141924,7954.108137276622,-241.86933223278248,-214.33958642920655,5.426564675242597,cruise_missile,2
4,11.0,27577.75385486596,24778.382610382843,7959.902261379694,-241.12687347369211,-214.39377875907934,5.794124103071998,cruise_missile,2
4,12.0,27337.965270569835,24564.923545190773,7966.01765104476,-239.7885842961256,-213.45906519207034,6.115389665066054,cruise_missile,2
4,13.0,27099.07862168146,24352.514295749945,7972.405437887944,-238.88664888837766,-212.40924944082704,6.387786843183543,cruise_missile,2
4,14.0,26861.061229636118,24140.827418184683,7979.014568204003,-238.01739204534272,-211.6868775652634,6.609130316058843,cruise_missile,2
4,15.0,26622.76036886199,23929.904092154484,7985.792209845459,-238.3008607741284,-210.92332603019892,6.77764164145606,cruise_missile,2
4,16.0,26383.88666081868,23720.683956236735,7992.684173578397,-238.87370804330854,-209.22013591774933,6.891963732937989,cruise_missile,2
4,17.0,26146.118854443204,23513.48289776782,7999.63534558513,-237.7678063754757,-207.2010584689171,6.9511720067331835,cruise_missile,2
4,18.0,25907.802121705754,23306.05686509566,8006.590127685281,-238.3167327374519,-207.42603267216074,6.954782100150835,cruise_missile,2
4,19.0,25670.156518812,23099.950287302763,8013.492881774648,-237.64560289375368,-206.1065777928952,6.902754089366232,cruise_missile,2
4,20.0,25432.95293271879,22894.67533116232,8020.288374936442,-237.20358609321053,-205.27495614044204,6.795493161794156,cruise_missile,2
4,21.0,25195.163759032752,22688.818001662723,8026.922221662821,-237.7891736860372,-205.85732949959842,6.633846726379332,cruise_missile,2
4,22.0,24958.78549650616,22482.127570790115,8033.341319636561,-236.37826252659193,-206.6904308726071,6.4190979737398655,cruise_missile,2
4,23.0,24722.474113403947,22276.55014271563,8039.494275563526,-236.31138310221263,-205.5774280744851,6.152955926964329,cruise_missile,2
4,24.0,24488.853111705812,22072.114626857852,8045.33181761626,-233.62100169813516,-204.43551585777792,5.837542052734638,cruise_missile,2
4,25.0,24255.29429413602,21868.980239742803,8050.807191147325,-233.55881756979295,-203.13438711504784,5.4753735310650615,cruise_missile,2
4,26.0,24023.931835427054,21666.976435343768,8055.87653445737,-231.36245870896408,-202.00380439903702,5.069343310044664,cruise_missile,2
4,27.0,23794.253701360645,21465.83948224392,8060.499231556647,-229.67813406640872,-201.13695309984857,4.622697099276251,cruise_missile,2
4,28.0,23566.742969865772,21264.965140636283,8064.638239038596,-227.51073149487223,-200.87434160763743,4.139007481949115,cruise_missile,2
4,29.0,23340.349807429746,21064.240780454045,8068.2603843889965,-226.39316243602818,-200.724360182236,3.622145350400454,cruise_missile,2
4,30.0,23115.313083496578,20862.9967506327,8071.336633282351,-225.03672393316745,-201.24402982134572,3.0762488933541507,cruise_missile,2
4,31.0,22891.17125581451,20662.29952206511,8073.842323666881,-224.14182768206862,-200.6972285675926,2.5056903845306184,cruise_missile,2
4,32.0,22668.591284267706,20461.292240186882,8075.75736470865,-222.57997154680078,-201.0072818782291,1.915041041768483,cruise_missile,2
4,33.0,22447.059314481146,20260.58586828412,8077.066398951628,-221.53196978655993,-200.70637190276116,1.3090342429776687,cruise_missile,2
4,34.0,22224.990012572416,20061.331051778954,8077.758926351594,-222.06930190873035,-199.25481650516784,0.6925273999660907,cruise_missile,2
4,35.0,22003.92063135561,19863.65441972938,8077.829389154879,-221.06938121680554,-197.67663204957347,0.0704628032853758,cruise_missile,2
4,36.0,21784.286872879195,19666.230331493196,8077.277216915469,-219.6337584764134,-197.42408823618615,-0.5521722394108315,cruise_missile,2
4,37.0,21565.06274519283,19469.74989700543,8076.106831272953,-219.22412768636445,-196.48043448776633,-1.1703856425158885,cruise_missile,2
4,38.0,21347.189869965354,19272.590208725433,8074.327610446356,-217.87287522747667,-197.1596882799955,-1.7792208265970595,cruise_missile,2
4,39.0,21131.04643517136,19075.654666409475,8071.953813731953,-216.14343479399577,-196.93554231595613,-2.3737967144021273,cruise_missile,2
4,40.0,20913.918462443955,18879.09734375735,8069.004466623883,-217.12797272740676,-196.5573226521253,-2.9493471080701905,cruise_missile,2
4,41.0,20698.13532127065,18682.23794552106,8065.50320750162,-215.78314117330493,-196.85939823628894,-3.501259122262837,cruise_missile,2
4,42.0,20484.38973850862,18486.61939887625,8061.478097145382,-213.74558276202995,-195.61854664481316,-4.025110356237688,cruise_missile,2
4,43.0,20272.589572266083,18292.80539616283,8056.9613926463635,-211.80016624253767,-193.81400271342181,-4.516704499018878,cruise_missile,2
4,44.0,20061.347510034437,18097.5410420324,8051.989287570704,-211.24206223164595,-195.2643541304284,-4.972105075660233,cruise_missile,2
4,45.0,19850.12338399824,17903.465639236347,8046.601620511705,-211.22412603619702,-194.07540279605414,-5.387667058999113,cruise_missile,2
4,46.0,19638.060602530786,17709.556836421703,8040.841554421618,-212.0627814674537,-193.9088028146423,-5.760066090087096,cruise_missile,2
4,47.0,19425.007072201846,17515.034385154817,8034.755229350159,-213.05353032893808,-194.52245126688717,-6.086325071457893,cruise_missile,2
4,48.0,19211.532856398368,17320.20950507719,8028.391391429828,-213.47421580347694,-194.82488007762555,-6.3638379203310285,cruise_missile,2
4,49.0,18997.612925581514,17126.666278589408,8021.801001136318,-213.91993081685308,-193.54322648778202,-6.5903902935109135,cruise_missile,2
4,50.0,18783.362589062956,16934.97870808306,8015.036824014449,-214.25033651855668,-191.68757050634642,-6.764177121868366,cruise_missile,2
4,51.0,18569.63650321746,16743.525399547707,8008.153007194832,-213.7260858454934,-191.45330853535353,-6.883816819617354,cruise_missile,2
4,52.0,18355.95060223826,16552.556813040068,8001.204645132984,-213.68590097920335,-190.96858650763875,-6.948362061847708,cruise_missile,2
4,53.0,18142.649120404378,16362.232143558314,7994.247338080319,-213.3014818338798,-190.32466948175403,-6.957307052664879,cruise_missile,2
4,54.0,17930.946541272868,16173.160943393596,7987.336746844778,-211.70257913150976,-189.07120016471978,-6.910591235541366,cruise_missile,2
4,55.0,17719.54635413978,15985.340408885495,7980.528147417952,-211.40018713308882,-187.82053450810054,-6.808599426825534,cruise_missile,2
4,56.0,17507.576077207726,15798.397294717355,7973.875989035437,-211.97027693205473,-186.94311416814065,-6.652158382515216,cruise_missile,2
4,57.0,17296.065241531167,15612.87294958391,7967.433459198307,-211.5108356765586,-185.52434513344446,-6.44252983712981,cruise_missile,2
4,58.0,17086.086023691176,15429.693815917812,7961.252059116742,-209.97921783999124,-183.17913366609866,-6.181400081564412,cruise_missile,2
4,59.0,16877.039621798118,15245.539641673877,7955.381192942783,-209.0464018930573,-184.15417424393453,-5.870866173958948,cruise_missile,2
4,60.0,16668.931943431715,15062.170376821945,7949.867774039123,-208.1076783664044,-183.3692648519314,-5.5134189036598364,cruise_missile,2
4,61.0,16461.199207476086,14878.853755557622,7944.755851386015,-207.7327359556306,-183.31662126432295,-5.111922653107824,cruise_missile,2
4,62.0,16254.956387760953,14697.018399191764,7940.086259060223,-206.24281971513264,-181.83535636585802,-4.669592325791852,cruise_missile,2
4,63.0,16048.496960509668,14514.314316628384,7935.896291530097,-206.4594272512833,-182.70408256337956,-4.189967530125639,cruise_missile,2
4,64.0,15841.718564752646,14333.162782329895,7932.219407300983,-206.77839575702353,-181.15153429848954,-3.676884229113642,cruise_missile,2
4,65.0,15636.287776050493,14152.586103932745,7929.084963217103,-205.43078870215328,-180.57667839715046,-3.1344440838799623,cruise_missile,2
4,66.0,15430.81382646548,13974.042135822274,7926.517981481642,-205.47394958501215,-178.54396811047147,-2.5669817354606885,cruise_missile,2
4,67.0,15225.32587352154,13794.953783074341,7924.538951197994,-205.48795294394122,-179.0883527479331,-1.9790302836483984,cruise_missile,2
4,68.0,15020.409689906577,13616.785310197081,7923.16366596391,-204.9161836149632,-178.16847287726037,-1.3752852340839918,cruise_missile,2
4,69.0,14814.901345315384,13440.262436333694,7922.403098768724,-205.50834459119304,-176.52287386338728,-0.7605671951860423,cruise_missile,2
4,70.0,14610.261637394584,13264.98940268094,7922.263315153851,-204.6397079207993,-175.27303365275498,-0.13978361487305435,cruise_missile,2
4,71.0,14407.0696181712,13091.14765883135,7922.745425300492,-203.1920192233843,-173.84174384958922,0.482110146640507,cruise_missile,2
4,72.0,14204.74963320271,12916.473586964212,7923.845575407902,-202.31998496848936,-174.67407186713973,1.100150107410626,cruise_missile,2
4,73.0,14002.330646852119,12742.570451215855,7925.554978422789,-202.4189863505916,-173.90313574835653,1.7094030148866324,cruise_missile,2
4,74.0,13800.205041805988,12567.97539476801,7927.859983877367,-202.12560504612975,-174.59505644784647,2.3050054545780396,cruise_missile,2
4,75.0,13598.059219130191,12393.382515118883,7930.742186292441,-202.14582267579678,-174.59287964912573,2.882202415073639,cruise_missile,2
4,76.0,13397.388395989085,12219.830422677662,7934.178571304501,-200.67082314110604,-173.55209244122125,3.4363850120597568,cruise_missile,2
4,77.0,13197.04037273789,12046.36343912667,7938.141698384329,-200.348023251193,-173.46698355099133,3.9631270798284373,cruise_missile,2
4,78.0,12997.136683567356,11873.412596803879,7942.59991873093,-199.90368917053394,-172.95084232279083,4.4582203466004735,cruise_missile,2
4,79.0,12798.398362529295,11699.92993881365,7947.517626650723,-198.73832103806097,-173.4826579902286,4.917707919793398,cruise_missile,2
4,80.0,12599.877795238963,11527.712940418653,7952.85554246984,-198.52056729033265,-172.2169983949963,5.337915819116042,cruise_missile,2
4,81.0,12401.926357047074,11355.184395711884,7958.571024778877,-197.95143819188934,-172.52854470676832,5.715482309036752,cruise_missile,2
4,82.0,12204.164032510627,11182.45660422699,7964.618409576587,-197.7623245364459,-172.72779148489212,6.047384797710193,cruise_missile,2
4,83.0,12007.245621398124,11009.815807516909,7970.94937366339,-196.91841111250395,-172.64079671008145,6.330964086804084,cruise_missile,2
4,84.0,11811.474847699492,10837.974368678984,7977.513319439166,-195.77077369863306,-171.84143883792387,6.563945775774867,cruise_missile,2
4,85.0,11615.722019616222,10667.785083591643,7984.257778084082,-195.75282808326978,-170.18928508734052,6.74445864491666,cruise_missile,2
4,86.0,11418.677339814813,10498.96570549858,7991.128827947932,-197.04467980140853,-168.81937809306407,6.871049863849768,cruise_missile,2
4,87.0,11221.239507132184,10331.219029879674,7998.0715248438355,-197.43783268262828,-167.74667561890604,6.942696895903193,cruise_missile,2
4,88.0,11023.95410908275,10163.925284648887,8005.030340837776,-197.28539804943472,-167.29374523078712,6.958815993940076,cruise_missile,2
4,89.0,10828.335317264782,9996.163791663499,8011.949608047191,-195.61879181796715,-167.76149298538874,6.91926720941473,cruise_missile,2
4,90.0,10632.771063597402,9828.542884728426,8018.773963910846,-195.56425366737977,-167.62090693507398,6.824355863654735,cruise_missile,2
4,91.0,10438.328349539017,9660.838702811205,8025.4487943691765,-194.44271405838433,-167.70418191722058,6.674830458330844,cruise_missile,2
4,92.0,10244.928306646836,9492.17919176464,8031.92067139977,-193.40004289218098,-168.6595110465642,6.471877030593267,cruise_missile,2
4,93.0,10052.227554900146,9324.445118476426,8038.137781386951,-192.70075174668966,-167.73407328821503,6.217109987180974,cruise_missile,2
4,94.0,9860.115996978444,9156.53565668782,8044.050340867654,-192.11155792170146,-167.90946178860534,5.912559480703126,cruise_missile,2
4,95.0,9668.162503556166,8990.84961002874,8049.6109962876435,-191.95349342227834,-165.68604665907995,5.560655419989743,cruise_missile,2
4,96.0,9476.356382273947,8826.468543868225,8054.77520452229,-191.80612128222003,-164.38106616051533,5.164208234646397,cruise_missile,2
4,97.0,9284.15298991941,8663.369581488472,8059.501591063744,-192.20339235453733,-163.0989623797527,4.726386541454714,cruise_missile,2
4,98.0,9091.008290394315,8500.644998418255,8063.752282950511,-193.14469952509535,-162.724583070218,4.250691886766458,cruise_missile,2
4,99.0,8898.161689624636,8340.586008914443,8067.493213714788,-192.84660076967938,-160.0589895038115,3.740930764277329,cruise_missile,2
5,0.0,32095.065233039688,25303.618077889238,8052.877728824801,-269.1136502278567,-207.792789242165,0.0,cruise_missile,2
5,1.0,31826.690901366557,25096.52809776279,8052.454706994203,-268.3743316731319,-207.08998012644727,-0.42302183059840903,cruise_missile,2
5,2.0,31558.268170169616,24889.349431746014,8051.612050057738,-268.42273119694244,-207.17866601677696,-0.8426569364646428,cruise_missile,2
5,3.0,31291.729784000734,24682.855649555393,8050.356506840663,-266.53838616888135,-206.4937821906196,-1.2555432170746366,cruise_missile,2
5,4.0,31025.383728633427,24477.037785106888,8048.6981340387065,-266.34605536730584,-205.81786444850565,-1.658372801956864,cruise_missile,2
5,5.0,30761.15552716472,24271.059808663602,8046.650215373441,-264.228201468709,-205.9779764432859,-2.0479186652659584,cruise_missile,2
5,6.0,30497.718069557577,24064.822538801396,8044.229154792114,-263.4374576071435,-206.2372698622066,-2.42106058132718,cruise_missile,2
5,7.0,30235.135939815056,23859.7473519904,8041.454344583001,-262.5821297425223,-205.07518681099285,-2.774810209112536,cruise_missile,2
5,8.0,29973.65933640118,23655.08625508622,8038.348009481911,-261.4766034138759,-204.66109690418477,-3.106335101091035,cruise_missile,2
5,9.0,29712.88829211243,23451.63954619884,8034.935028040775,-260.77104428874645,-203.44670888737923,-3.4129814411350865,cruise_missile,2
5,10.0,29453.48679674965,23249.137554736437,8031.242732713706,-259.4014953627804,-202.50199146240226,-3.6922953270698295,cruise_missile,2
5,11.0,29195.251023462934,23047.76355059503,8027.300690287792,-258.2357732867173,-201.3740041414069,-3.9420424259131344,cruise_missile,2
5,12.0,28936.94765730331,22848.202594550086,8023.140464444045,-258.30336615962545,-199.56095604494502,-4.160225843746628,cruise_missile,2
5,13.0,28679.538876369825,22649.471066664006,8018.7953623767,-257.408780933484,-198.7315278860804,-4.345102067345134,cruise_missile,2
5,14.0,28423.384098216735,22449.74404282328,8014.300167525676,-256.15477815309106,-199.72702384072554,-4.495194851023756,cruise_missile,2
5,15.0,28168.607675838317,22249.401217422357,8009.690860586196,-254.77642237841906,-200.34282540092244,-4.609306939480039,cruise_missile,2
5,16.0,27914.276885363957,22049.063545065736,8005.00433105065,-254.33079047436107,-200.33767235662344,-4.6865295355467715,cruise_missile,2
5,17.0,27661.673671713295,21849.40378933647,8000.278081610092,-252.60321365066292,-199.65975572926547,-4.726249440557808,cruise_missile,2
5,18.0,27409.15619868958,21651.21861268311,7995.549927795802,-252.51747302371692,-198.18517665335884,-4.728153814289819,cruise_missile,2
5,19.0,27157.70731364167,21455.315811410004,7990.8576952748,-251.44888504791174,-195.90280127310706,-4.692232521002268,cruise_missile,2
5,20.0,26907.730236337946,21260.832157686506,7986.238917227019,-249.97707730372272,-194.4836537234981,-4.618778047781502,cruise_missile,2
5,21.0,26658.417948675517,21065.864566119933,7981.730534225986,-249.31228766242822,-194.96759156657245,-4.508383001032256,cruise_missile,2
5,22.0,26409.5894319474,20870.71310328798,7977.368599019601,-248.82851672811597,-195.15146283195267,-4.361935206385145,cruise_missile,2
5,23.0,26161.242752771184,20674.995233943104,7973.187988563257,-248.3466791762144,-195.71786934487596,-4.180610456343638,cruise_missile,2
5,24.0,25914.654334262304,20479.84138075221,7969.222125594729,-246.5884185088812,-195.1538531908966,-3.9658629685278197,cruise_missile,2
5,25.0,25669.57010318838,20285.214532045302,7965.502711959484,-245.0842310739239,-194.62684870690717,-3.719413635244881,cruise_missile,2
5,26.0,25424.93575319739,20091.48427478224,7962.059475797287,-244.63434999098732,-193.73025726306204,-3.443236162197431,cruise_missile,2
5,27.0,25180.764531033772,19899.141069235982,7958.919934586975,-244.1712221636186,-192.34320554625958,-3.139541210311963,cruise_missile,2
5,28.0,24937.928987380266,19705.950793342996,7956.10917591715,-242.83554365350486,-193.1902758929869,-2.8107586698244225,cruise_missile,2
5,29.0,24695.737240581955,19512.95937082519,7953.649657707348,-242.191746798313,-192.99142251780827,-2.4595182098025887,cruise_missile,2
5,30.0,24454.441307077723,19322.13373134802,7951.561029448214,-241.2959335042333,-190.8256394771658,-2.0886282591332277,cruise_missile,2
5,31.0,24215.124775910146,19131.03556126976,7949.85997586163,-239.316531167577,-191.0981700782603,-1.7010535865839285,cruise_missile,2
5,32.0,23976.30165438249,18940.67141944794,7948.560084203826,-238.82312152765823,-190.3641418218223,-1.2998916578046988,cruise_missile,2
5,33.0,23739.071728432667,18751.294773206664,7947.671736247813,-237.2299259498201,-189.37664624127495,-0.8883479560127678,cruise_missile,2
5,34.0,23502.131811946496,18562.437025809548,7947.202025787248,-236.93991648617214,-188.85774739711658,-0.46971046056512566,cruise_missile,2
5,35.0,23266.148248116027,18374.634389433188,7947.154702303613,-235.98356383046735,-187.80263637636108,-0.04732348363551153,cruise_missile,2
5,36.0,23030.222002802206,18188.395171157706,7947.53014123386,-235.92624531382148,-186.23921827548162,0.37543893024752806,cruise_missile,2
5,37.0,22795.634823235006,18002.53695827387,7948.3253410678535,-234.5871795671981,-185.85821288383502,0.7951998339932078,cruise_missile,2
5,38.0,22561.475580854585,17818.3128771031,7949.533947295563,-234.15924238042058,-184.22408117077194,1.2086062277092988,cruise_missile,2
5,39.0,22326.664211427906,17634.50257710116,7951.146303014578,-234.81136942667823,-183.8103000019401,1.6123557190149564,cruise_missile,2
5,40.0,22092.55087525967,17451.92810004974,7953.149525800511,-234.11333616823578,-182.5744770514197,2.003222785932933,cruise_missile,2
5,41.0,21859.89930717212,17271.330779653315,7955.527610237831,-232.6515680875506,-180.59732039642512,2.3780844373203314,cruise_missile,2
5,42.0,21628.62351974601,17091.4625865367,7958.261555308033,-231.27578742611323,-179.86819311661412,2.7339450702024193,cruise_missile,2
5,43.0,21398.39438536044,16913.21907877628,7961.329515637265,-230.22913438556833,-178.24350776042206,3.0679603292319237,cruise_missile,2
5,44.0,21168.246431245545,16734.55929197777,7964.706975418045,-230.14795411489638,-178.6597867985124,3.3774597807792786,cruise_missile,2
5,45.0,20939.62190168531,16554.872193914616,7968.366943640878,-228.6245295602358,-179.68709806315266,3.65996822283333,cruise_missile,2
5,46.0,20711.211199541638,16375.342393849798,7972.280169102793,-228.41070214367377,-179.52980006481727,3.913225461914847,cruise_missile,2
5,47.0,20481.02480703881,16196.492837496906,7976.415373502319,-230.18639250282826,-178.84955635289305,4.135204399526923,cruise_missile,2
5,48.0,20250.727233692338,16017.45648385255,7980.7395007855475,-230.297573346472,-179.03635364435738,4.324127283227914,cruise_missile,2
5,49.0,20020.263214950137,15839.518514207877,7985.2179807766925,-230.46401874220078,-177.93796964467256,4.478479991145276,cruise_missile,2
5,50.0,19790.46570550055,15662.154628297181,7989.815005010267,-229.79750944958826,-177.36388591069655,4.59702423357402,cruise_missile,2
5,51.0,19561.532770678063,15485.911928447766,7994.493812581399,-228.93293482248734,-176.2426998494153,4.678807571132037,cruise_missile,2
5,52.0,19331.744223795948,15310.120964451673,7999.216983747076,-229.78854688211675,-175.7909639960935,4.723171165676794,cruise_missile,2
5,53.0,19101.616891664733,15133.474147290273,8003.946738944788,-230.12733213121345,-176.64681716140015,4.72975519771235,cruise_missile,2
5,54.0,18871.935527446494,14956.813877747036,8008.6452408469995,-229.6813642182399,-176.66026954323775,4.698501902211542,cruise_missile,2
5,55.0,18642.228460563394,14781.613612336563,8013.274897040513,-229.70706688310054,-175.2002654104732,4.629656193513384,cruise_missile,2
5,56.0,18414.685254155094,14608.154820295282,8017.798660909602,-227.54320640829997,-173.45879204128133,4.523763869089242,cruise_missile,2
5,57.0,18188.347222940254,14434.63532179328,8022.180328310956,-226.33803121483885,-173.51949850200245,4.381667401353474,cruise_missile,2
5,58.0,17961.70917878585,14262.092918482427,8026.384827657123,-226.63804415440123,-172.54240331085245,4.204499346167707,cruise_missile,2
5,59.0,17735.77292381868,14089.96111769393,8030.378501073214,-225.9362549671712,-172.13180078849663,3.9936734160898424,cruise_missile,2
5,60.0,17511.577326648745,13916.683670835306,8034.129374358796,-224.1955971699353,-173.27744685862547,3.750873285582019,cruise_missile,2
5,61.0,17288.044198625026,13744.026604912957,8037.607413572942,-223.53312802371903,-172.6570659223481,3.478039214146154,cruise_missile,2
5,62.0,17064.078095558438,13572.37129405801,8040.784766164474,-223.96610306659,-171.6553108549467,3.1773525915312906,cruise_missile,2
5,63.0,16840.248309620038,13400.307761183883,8043.635984691059,-223.82978593840127,-172.06353287412674,2.851218526585075,cruise_missile,2
5,64.0,16618.08889383014,13227.673313109151,8046.138231308896,-222.159415789899,-172.63444807473275,2.5022466178371876,cruise_missile,2
5,65.0,16399.062690882583,13053.978391905915,8048.271461368243,-219.0262029475574,-173.69492120323642,2.133230059346427,cruise_missile,2
5,66.0,16180.673425724879,12880.579975615832,8050.0185846178065,-218.38926515770365,-173.39841629008262,1.7471232495638902,cruise_missile,2
5,67.0,15963.53767522833,12708.214259641521,8051.365602701628,-217.13575049654938,-172.36571597430984,1.3470180838212356,cruise_missile,2
5,68.0,15747.938665524354,12536.810740413443,8052.301721824043,-215.59900970397572,-171.40351922807855,0.9361191224154782,cruise_missile,2
5,69.0,15532.835277981534,12364.694732443766,8052.8194396600575,-215.10338754281992,-172.11600796967576,0.5177178360147268,cruise_missile,2
5,70.0,15317.657086240139,12192.868135689107,8052.914605798209,-215.17819174139586,-171.8265967546587,0.09516613815166297,cruise_missile,2
5,71.0,15102.659311644284,12022.219462644445,8052.586455219029,-214.9977745958547,-170.64867304466145,-0.32815057918017826,cruise_missile,2
5,72.0,14888.710146788262,11851.544107433745,8051.837614532604,-213.94916485602067,-170.67535521070067,-0.7488406864245328,cruise_missile,2
5,73.0,14676.417730325844,11682.699983407905,8050.674080921632,-212.29241646241812,-168.84412402583968,-1.163533610972021,cruise_missile,2
5,74.0,14464.771900980597,11515.754939784085,8049.105173959778,-211.6458293452469,-166.9450436238196,-1.568906961853787,cruise_missile,2
5,75.0,14253.610427854253,11350.535086562433,8047.143460697187,-211.16147312634388,-165.2198532216508,-1.9617132625903675,cruise_missile,2
5,76.0,14042.871708218026,11186.098200043969,8044.80465462369,-210.7387196362277,-164.4368865184645,-2.338806073496884,cruise_missile,2
5,77.0,13831.756086004874,11022.74777777914,8042.107489333715,-211.11562221315228,-163.35042226482912,-2.697165289974321,cruise_missile,2
5,78.0,13621.051011519738,10859.666022051792,8039.073567923323,-210.70507448513683,-163.08175572734794,-3.0339214103923466,cruise_missile,2
5,79.0,13411.82145127394,10696.858558787735,8035.727189347302,-209.22956024579776,-162.80746326405693,-3.3463785760212392,cruise_missile,2
5,80.0,13202.565935117427,10534.210617782437,8032.095153151292,-209.25551615651221,-162.6479410052988,-3.6320361960099827,cruise_missile,2
5,81.0,12994.33606194036,10372.740055478753,8028.206544168763,-208.22987317706833,-161.47056230368432,-3.8886089825292234,cruise_missile,2
5,82.0,12787.354972236191,10211.386394119301,8024.092498933983,-206.98108970416786,-161.35366135945085,-4.1140452347802645,cruise_missile,2
5,83.0,12581.279469357234,10051.69732097539,8019.785955708503,-206.0755028789578,-159.68907314391,-4.30654322548008,cruise_missile,2
5,84.0,12374.930478858732,9893.07789852668,8015.321390148983,-206.34899049850154,-158.61942244871005,-4.4645655595204525,cruise_missile,2
5,85.0,12169.014243044316,9735.978017427307,8010.734538757372,-205.91623581441624,-157.09988109937373,-4.586851391610179,cruise_missile,2
5,86.0,11964.504566432917,9581.088618640018,8006.062112349694,-204.50967661139873,-154.88939878728857,-4.672426407678001,cruise_missile,2
5,87.0,11761.205236391572,9427.26072888733,8001.341501856224,-203.29933004134517,-153.8278897526883,-4.720610493470008,cruise_missile,2
5,88.0,11557.717486065842,9273.538342725666,7996.610478823279,-203.48775032572942,-153.72238616166393,-4.731023032944743,cruise_missile,2
5,89.0,11354.677876876998,9120.032696630225,7991.906893024702,-203.03960918884326,-153.50564609544003,-4.703585798576651,cruise_missile,2
5,90.0,11152.349973816941,8966.876303960938,7987.268369609353,-202.32790306005631,-153.1563926692874,-4.6385234153492245,cruise_missile,2
5,91.0,10951.828929516743,8812.439403445882,7982.732008209471,-200.52104430019867,-154.43690051505686,-4.536361399881606,cruise_missile,2
5,92.0,10751.57300807552,8658.127624276878,7978.334086413852,-200.25592144122302,-154.31177916900407,-4.397921795619503,cruise_missile,2
5,93.0,10552.363028088825,8504.15202501622,7974.109769969679,-199.20997998669495,-153.97559926065833,-4.224316444172651,cruise_missile,2
5,94.0,10353.131941513007,8350.62449114759,7970.092832018135,-199.23108657581813,-153.52753386862906,-4.016937951544718,cruise_missile,2
5,95.0,10155.06591259613,8196.929475222787,7966.3153835921,-198.06602891687757,-153.6950159248033,-3.7774484260343244,cruise_missile,2
5,96.0,9958.189385600914,8042.890024810045,7962.807617510245,-196.8765269952156,-154.03945041274187,-3.5077660818556007,cruise_missile,2
5,97.0,9762.01789767425,7888.5539104482195,7959.597567691333,-196.17148792666396,-154.3361143618256,-3.2100498189121645,cruise_missile,2
5,98.0,9565.357683455393,7733.239874317764,7956.710885786783,-196.66021421885645,-155.31403613045606,-2.8866819045499814,cruise_missile,2
5,99.0,9369.147428159076,7577.933654368766,7954.170636889368,-196.21025529631686,-155.30621994899735,-2.5402488974149606,cruise_missile,2
6,0.0,53503.080337574334,60533.99431428687,12714.574361587354,-529.1447773653287,-600.0048371363324,-29.446216415780093,Aircraft,3
6,1.0,95221.54923207228,108267.49530871144,15439.738480277832,41718.46889449795,47733.50099442457,2725.1641186904776,Aircraft,3
6,2.0,,,0.0,0.0,0.0,0.0,Aircraft,3
6,3.0,,,0.0,0.0,0.0,0.0,Aircraft,3
6,4.0,,,0.0,0.0,0.0,0.0,Aircraft,3
6,5.0,,,0.0,0.0,0.0,0.0,Aircraft,3
6,6.0,,,0.0,0.0,0.0,0.0,Aircraft,3
6,7.0,,,0.0,0.0,0.0,0.0,Aircraft,3
6,8.0,,,0.0,0.0,0.0,0.0,Aircraft,3
6,9.0,,,0.0,0.0,0.0,0.0,Aircraft,3
6,10.0,,,0.0,0.0,0.0,0.0,Aircraft,3
6,11.0,,,0.0,0.0,0.0,0.0,Aircraft,3
6,12.0,,,0.0,0.0,0.0,0.0,Aircraft,3
6,13.0,,,0.0,0.0,0.0,0.0,Aircraft,3
6,14.0,,,0.0,0.0,0.0,0.0,Aircraft,3
6,15.0,,,0.0,0.0,0.0,0.0,Aircraft,3
6,16.0,,,0.0,0.0,0.0,0.0,Aircraft,3
6,17.0,,,0.0,0.0,0.0,0.0,Aircraft,3
6,18.0,,,0.0,0.0,0.0,0.0,Aircraft,3
6,19.0,,,0.0,0.0,0.0,0.0,Aircraft,3
6,20.0,,,0.0,0.0,0.0,0.0,Aircraft,3
6,21.0,,,0.0,0.0,0.0,0.0,Aircraft,3
6,22.0,,,0.0,0.0,0.0,0.0,Aircraft,3
6,23.0,,,0.0,0.0,0.0,0.0,Aircraft,3
6,24.0,,,0.0,0.0,0.0,0.0,Aircraft,3
6,25.0,,,0.0,0.0,0.0,0.0,Aircraft,3
6,26.0,,,0.0,0.0,0.0,0.0,Aircraft,3
6,27.0,,,0.0,0.0,0.0,0.0,Aircraft,3
6,28.0,,,0.0,0.0,0.0,0.0,Aircraft,3
6,29.0,,,0.0,0.0,0.0,0.0,Aircraft,3
6,30.0,,,0.0,0.0,0.0,0.0,Aircraft,3
6,31.0,,,0.0,0.0,0.0,0.0,Aircraft,3
6,32.0,,,0.0,0.0,0.0,0.0,Aircraft,3
6,33.0,,,0.0,0.0,0.0,0.0,Aircraft,3
6,34.0,,,0.0,0.0,0.0,0.0,Aircraft,3
6,35.0,,,0.0,0.0,0.0,0.0,Aircraft,3
6,36.0,,,0.0,0.0,0.0,0.0,Aircraft,3
6,37.0,,,0.0,0.0,0.0,0.0,Aircraft,3
6,38.0,,,0.0,0.0,0.0,0.0,Aircraft,3
6,39.0,,,0.0,0.0,0.0,0.0,Aircraft,3
6,40.0,,,0.0,0.0,0.0,0.0,Aircraft,3
6,41.0,,,0.0,0.0,0.0,0.0,Aircraft,3
6,42.0,,,0.0,0.0,0.0,0.0,Aircraft,3
6,43.0,,,0.0,0.0,0.0,0.0,Aircraft,3
6,44.0,,,0.0,0.0,0.0,0.0,Aircraft,3
6,45.0,,,0.0,0.0,0.0,0.0,Aircraft,3
6,46.0,,,0.0,0.0,0.0,0.0,Aircraft,3
6,47.0,,,0.0,0.0,0.0,0.0,Aircraft,3
6,48.0,,,0.0,0.0,0.0,0.0,Aircraft,3
6,49.0,,,0.0,0.0,0.0,0.0,Aircraft,3
6,50.0,,,0.0,0.0,0.0,0.0,Aircraft,3
6,51.0,,,0.0,0.0,0.0,0.0,Aircraft,3
6,52.0,,,0.0,0.0,0.0,0.0,Aircraft,3
6,53.0,,,0.0,0.0,0.0,0.0,Aircraft,3
6,54.0,,,0.0,0.0,0.0,0.0,Aircraft,3
6,55.0,,,0.0,0.0,0.0,0.0,Aircraft,3
6,56.0,,,0.0,0.0,0.0,0.0,Aircraft,3
6,57.0,,,0.0,0.0,0.0,0.0,Aircraft,3
6,58.0,,,0.0,0.0,0.0,0.0,Aircraft,3
6,59.0,,,0.0,0.0,0.0,0.0,Aircraft,3
6,60.0,,,0.0,0.0,0.0,0.0,Aircraft,3
6,61.0,,,0.0,0.0,0.0,0.0,Aircraft,3
6,62.0,,,0.0,0.0,0.0,0.0,Aircraft,3
6,63.0,,,0.0,0.0,0.0,0.0,Aircraft,3
6,64.0,,,0.0,0.0,0.0,0.0,Aircraft,3
6,65.0,,,0.0,0.0,0.0,0.0,Aircraft,3
6,66.0,,,0.0,0.0,0.0,0.0,Aircraft,3
6,67.0,,,0.0,0.0,0.0,0.0,Aircraft,3
6,68.0,,,0.0,0.0,0.0,0.0,Aircraft,3
6,69.0,,,0.0,0.0,0.0,0.0,Aircraft,3
6,70.0,,,0.0,0.0,0.0,0.0,Aircraft,3
6,71.0,,,0.0,0.0,0.0,0.0,Aircraft,3
6,72.0,,,0.0,0.0,0.0,0.0,Aircraft,3
6,73.0,,,0.0,0.0,0.0,0.0,Aircraft,3
6,74.0,,,0.0,0.0,0.0,0.0,Aircraft,3
6,75.0,,,0.0,0.0,0.0,0.0,Aircraft,3
6,76.0,,,0.0,0.0,0.0,0.0,Aircraft,3
6,77.0,,,0.0,0.0,0.0,0.0,Aircraft,3
6,78.0,,,0.0,0.0,0.0,0.0,Aircraft,3
6,79.0,,,0.0,0.0,0.0,0.0,Aircraft,3
6,80.0,,,0.0,0.0,0.0,0.0,Aircraft,3
6,81.0,,,0.0,0.0,0.0,0.0,Aircraft,3
6,82.0,,,0.0,0.0,0.0,0.0,Aircraft,3
6,83.0,,,0.0,0.0,0.0,0.0,Aircraft,3
6,84.0,,,0.0,0.0,0.0,0.0,Aircraft,3
6,85.0,,,0.0,0.0,0.0,0.0,Aircraft,3
6,86.0,,,0.0,0.0,0.0,0.0,Aircraft,3
6,87.0,,,0.0,0.0,0.0,0.0,Aircraft,3
6,88.0,,,0.0,0.0,0.0,0.0,Aircraft,3
6,89.0,,,0.0,0.0,0.0,0.0,Aircraft,3
6,90.0,,,0.0,0.0,0.0,0.0,Aircraft,3
6,91.0,,,0.0,0.0,0.0,0.0,Aircraft,3
6,92.0,,,0.0,0.0,0.0,0.0,Aircraft,3
6,93.0,,,0.0,0.0,0.0,0.0,Aircraft,3
6,94.0,,,0.0,0.0,0.0,0.0,Aircraft,3
6,95.0,,,0.0,0.0,0.0,0.0,Aircraft,3
6,96.0,,,0.0,0.0,0.0,0.0,Aircraft,3
6,97.0,,,0.0,0.0,0.0,0.0,Aircraft,3
6,98.0,,,0.0,0.0,0.0,0.0,Aircraft,3
6,99.0,,,0.0,0.0,0.0,0.0,Aircraft,3
7,0.0,9501.637192202754,-78134.67145268394,9090.426186498016,-85.45428513286686,795.4228844787096,33.80189672759725,Aircraft,3
7,1.0,16466.816300913986,-141130.76445701622,6004.084751506145,6965.1791087112315,-62996.093004332295,-3086.341434991871,Aircraft,3
7,2.0,-44167336.32248327,399653867.95945215,19558024.696714785,-44183803.138784185,399794998.72390914,19552020.61196328,Aircraft,3
7,3.0,,,0.0,0.0,0.0,0.0,Aircraft,3
7,4.0,,,0.0,0.0,0.0,0.0,Aircraft,3
7,5.0,,,0.0,0.0,0.0,0.0,Aircraft,3
7,6.0,,,0.0,0.0,0.0,0.0,Aircraft,3
7,7.0,,,0.0,0.0,0.0,0.0,Aircraft,3
7,8.0,,,0.0,0.0,0.0,0.0,Aircraft,3
7,9.0,,,0.0,0.0,0.0,0.0,Aircraft,3
7,10.0,,,0.0,0.0,0.0,0.0,Aircraft,3
7,11.0,,,0.0,0.0,0.0,0.0,Aircraft,3
7,12.0,,,0.0,0.0,0.0,0.0,Aircraft,3
7,13.0,,,0.0,0.0,0.0,0.0,Aircraft,3
7,14.0,,,0.0,0.0,0.0,0.0,Aircraft,3
7,15.0,,,0.0,0.0,0.0,0.0,Aircraft,3
7,16.0,,,0.0,0.0,0.0,0.0,Aircraft,3
7,17.0,,,0.0,0.0,0.0,0.0,Aircraft,3
7,18.0,,,0.0,0.0,0.0,0.0,Aircraft,3
7,19.0,,,0.0,0.0,0.0,0.0,Aircraft,3
7,20.0,,,0.0,0.0,0.0,0.0,Aircraft,3
7,21.0,,,0.0,0.0,0.0,0.0,Aircraft,3
7,22.0,,,0.0,0.0,0.0,0.0,Aircraft,3
7,23.0,,,0.0,0.0,0.0,0.0,Aircraft,3
7,24.0,,,0.0,0.0,0.0,0.0,Aircraft,3
7,25.0,,,0.0,0.0,0.0,0.0,Aircraft,3
7,26.0,,,0.0,0.0,0.0,0.0,Aircraft,3
7,27.0,,,0.0,0.0,0.0,0.0,Aircraft,3
7,28.0,,,0.0,0.0,0.0,0.0,Aircraft,3
7,29.0,,,0.0,0.0,0.0,0.0,Aircraft,3
7,30.0,,,0.0,0.0,0.0,0.0,Aircraft,3
7,31.0,,,0.0,0.0,0.0,0.0,Aircraft,3
7,32.0,,,0.0,0.0,0.0,0.0,Aircraft,3
7,33.0,,,0.0,0.0,0.0,0.0,Aircraft,3
7,34.0,,,0.0,0.0,0.0,0.0,Aircraft,3
7,35.0,,,0.0,0.0,0.0,0.0,Aircraft,3
7,36.0,,,0.0,0.0,0.0,0.0,Aircraft,3
7,37.0,,,0.0,0.0,0.0,0.0,Aircraft,3
7,38.0,,,0.0,0.0,0.0,0.0,Aircraft,3
7,39.0,,,0.0,0.0,0.0,0.0,Aircraft,3
7,40.0,,,0.0,0.0,0.0,0.0,Aircraft,3
7,41.0,,,0.0,0.0,0.0,0.0,Aircraft,3
7,42.0,,,0.0,0.0,0.0,0.0,Aircraft,3
7,43.0,,,0.0,0.0,0.0,0.0,Aircraft,3
7,44.0,,,0.0,0.0,0.0,0.0,Aircraft,3
7,45.0,,,0.0,0.0,0.0,0.0,Aircraft,3
7,46.0,,,0.0,0.0,0.0,0.0,Aircraft,3
7,47.0,,,0.0,0.0,0.0,0.0,Aircraft,3
7,48.0,,,0.0,0.0,0.0,0.0,Aircraft,3
7,49.0,,,0.0,0.0,0.0,0.0,Aircraft,3
7,50.0,,,0.0,0.0,0.0,0.0,Aircraft,3
7,51.0,,,0.0,0.0,0.0,0.0,Aircraft,3
7,52.0,,,0.0,0.0,0.0,0.0,Aircraft,3
7,53.0,,,0.0,0.0,0.0,0.0,Aircraft,3
7,54.0,,,0.0,0.0,0.0,0.0,Aircraft,3
7,55.0,,,0.0,0.0,0.0,0.0,Aircraft,3
7,56.0,,,0.0,0.0,0.0,0.0,Aircraft,3
7,57.0,,,0.0,0.0,0.0,0.0,Aircraft,3
7,58.0,,,0.0,0.0,0.0,0.0,Aircraft,3
7,59.0,,,0.0,0.0,0.0,0.0,Aircraft,3
7,60.0,,,0.0,0.0,0.0,0.0,Aircraft,3
7,61.0,,,0.0,0.0,0.0,0.0,Aircraft,3
7,62.0,,,0.0,0.0,0.0,0.0,Aircraft,3
7,63.0,,,0.0,0.0,0.0,0.0,Aircraft,3
7,64.0,,,0.0,0.0,0.0,0.0,Aircraft,3
7,65.0,,,0.0,0.0,0.0,0.0,Aircraft,3
7,66.0,,,0.0,0.0,0.0,0.0,Aircraft,3
7,67.0,,,0.0,0.0,0.0,0.0,Aircraft,3
7,68.0,,,0.0,0.0,0.0,0.0,Aircraft,3
7,69.0,,,0.0,0.0,0.0,0.0,Aircraft,3
7,70.0,,,0.0,0.0,0.0,0.0,Aircraft,3
7,71.0,,,0.0,0.0,0.0,0.0,Aircraft,3
7,72.0,,,0.0,0.0,0.0,0.0,Aircraft,3
7,73.0,,,0.0,0.0,0.0,0.0,Aircraft,3
7,74.0,,,0.0,0.0,0.0,0.0,Aircraft,3
7,75.0,,,0.0,0.0,0.0,0.0,Aircraft,3
7,76.0,,,0.0,0.0,0.0,0.0,Aircraft,3
7,77.0,,,0.0,0.0,0.0,0.0,Aircraft,3
7,78.0,,,0.0,0.0,0.0,0.0,Aircraft,3
7,79.0,,,0.0,0.0,0.0,0.0,Aircraft,3
7,80.0,,,0.0,0.0,0.0,0.0,Aircraft,3
7,81.0,,,0.0,0.0,0.0,0.0,Aircraft,3
7,82.0,,,0.0,0.0,0.0,0.0,Aircraft,3
7,83.0,,,0.0,0.0,0.0,0.0,Aircraft,3
7,84.0,,,0.0,0.0,0.0,0.0,Aircraft,3
7,85.0,,,0.0,0.0,0.0,0.0,Aircraft,3
7,86.0,,,0.0,0.0,0.0,0.0,Aircraft,3
7,87.0,,,0.0,0.0,0.0,0.0,Aircraft,3
7,88.0,,,0.0,0.0,0.0,0.0,Aircraft,3
7,89.0,,,0.0,0.0,0.0,0.0,Aircraft,3
7,90.0,,,0.0,0.0,0.0,0.0,Aircraft,3
7,91.0,,,0.0,0.0,0.0,0.0,Aircraft,3
7,92.0,,,0.0,0.0,0.0,0.0,Aircraft,3
7,93.0,,,0.0,0.0,0.0,0.0,Aircraft,3
7,94.0,,,0.0,0.0,0.0,0.0,Aircraft,3
7,95.0,,,0.0,0.0,0.0,0.0,Aircraft,3
7,96.0,,,0.0,0.0,0.0,0.0,Aircraft,3
7,97.0,,,0.0,0.0,0.0,0.0,Aircraft,3
7,98.0,,,0.0,0.0,0.0,0.0,Aircraft,3
7,99.0,,,0.0,0.0,0.0,0.0,Aircraft,3
8,0.0,-10774.409065208676,79671.74310157947,11841.592362280153,118.4131662799812,-791.1879182922029,-29.976915611506726,Aircraft,3
8,1.0,-20305.273449752145,143783.8817355403,14438.752484352488,-9530.864384543469,64112.13863396083,2597.160122072334,Aircraft,3
8,2.0,,,0.0,0.0,0.0,0.0,Aircraft,3
8,3.0,,,0.0,0.0,0.0,0.0,Aircraft,3
8,4.0,,,0.0,0.0,0.0,0.0,Aircraft,3
8,5.0,,,0.0,0.0,0.0,0.0,Aircraft,3
8,6.0,,,0.0,0.0,0.0,0.0,Aircraft,3
8,7.0,,,0.0,0.0,0.0,0.0,Aircraft,3
8,8.0,,,0.0,0.0,0.0,0.0,Aircraft,3
8,9.0,,,0.0,0.0,0.0,0.0,Aircraft,3
8,10.0,,,0.0,0.0,0.0,0.0,Aircraft,3
8,11.0,,,0.0,0.0,0.0,0.0,Aircraft,3
8,12.0,,,0.0,0.0,0.0,0.0,Aircraft,3
8,13.0,,,0.0,0.0,0.0,0.0,Aircraft,3
8,14.0,,,0.0,0.0,0.0,0.0,Aircraft,3
8,15.0,,,0.0,0.0,0.0,0.0,Aircraft,3
8,16.0,,,0.0,0.0,0.0,0.0,Aircraft,3
8,17.0,,,0.0,0.0,0.0,0.0,Aircraft,3
8,18.0,,,0.0,0.0,0.0,0.0,Aircraft,3
8,19.0,,,0.0,0.0,0.0,0.0,Aircraft,3
8,20.0,,,0.0,0.0,0.0,0.0,Aircraft,3
8,21.0,,,0.0,0.0,0.0,0.0,Aircraft,3
8,22.0,,,0.0,0.0,0.0,0.0,Aircraft,3
8,23.0,,,0.0,0.0,0.0,0.0,Aircraft,3
8,24.0,,,0.0,0.0,0.0,0.0,Aircraft,3
8,25.0,,,0.0,0.0,0.0,0.0,Aircraft,3
8,26.0,,,0.0,0.0,0.0,0.0,Aircraft,3
8,27.0,,,0.0,0.0,0.0,0.0,Aircraft,3
8,28.0,,,0.0,0.0,0.0,0.0,Aircraft,3
8,29.0,,,0.0,0.0,0.0,0.0,Aircraft,3
8,30.0,,,0.0,0.0,0.0,0.0,Aircraft,3
8,31.0,,,0.0,0.0,0.0,0.0,Aircraft,3
8,32.0,,,0.0,0.0,0.0,0.0,Aircraft,3
8,33.0,,,0.0,0.0,0.0,0.0,Aircraft,3
8,34.0,,,0.0,0.0,0.0,0.0,Aircraft,3
8,35.0,,,0.0,0.0,0.0,0.0,Aircraft,3
8,36.0,,,0.0,0.0,0.0,0.0,Aircraft,3
8,37.0,,,0.0,0.0,0.0,0.0,Aircraft,3
8,38.0,,,0.0,0.0,0.0,0.0,Aircraft,3
8,39.0,,,0.0,0.0,0.0,0.0,Aircraft,3
8,40.0,,,0.0,0.0,0.0,0.0,Aircraft,3
8,41.0,,,0.0,0.0,0.0,0.0,Aircraft,3
8,42.0,,,0.0,0.0,0.0,0.0,Aircraft,3
8,43.0,,,0.0,0.0,0.0,0.0,Aircraft,3
8,44.0,,,0.0,0.0,0.0,0.0,Aircraft,3
8,45.0,,,0.0,0.0,0.0,0.0,Aircraft,3
8,46.0,,,0.0,0.0,0.0,0.0,Aircraft,3
8,47.0,,,0.0,0.0,0.0,0.0,Aircraft,3
8,48.0,,,0.0,0.0,0.0,0.0,Aircraft,3
8,49.0,,,0.0,0.0,0.0,0.0,Aircraft,3
8,50.0,,,0.0,0.0,0.0,0.0,Aircraft,3
8,51.0,,,0.0,0.0,0.0,0.0,Aircraft,3
8,52.0,,,0.0,0.0,0.0,0.0,Aircraft,3
8,53.0,,,0.0,0.0,0.0,0.0,Aircraft,3
8,54.0,,,0.0,0.0,0.0,0.0,Aircraft,3
8,55.0,,,0.0,0.0,0.0,0.0,Aircraft,3
8,56.0,,,0.0,0.0,0.0,0.0,Aircraft,3
8,57.0,,,0.0,0.0,0.0,0.0,Aircraft,3
8,58.0,,,0.0,0.0,0.0,0.0,Aircraft,3
8,59.0,,,0.0,0.0,0.0,0.0,Aircraft,3
8,60.0,,,0.0,0.0,0.0,0.0,Aircraft,3
8,61.0,,,0.0,0.0,0.0,0.0,Aircraft,3
8,62.0,,,0.0,0.0,0.0,0.0,Aircraft,3
8,63.0,,,0.0,0.0,0.0,0.0,Aircraft,3
8,64.0,,,0.0,0.0,0.0,0.0,Aircraft,3
8,65.0,,,0.0,0.0,0.0,0.0,Aircraft,3
8,66.0,,,0.0,0.0,0.0,0.0,Aircraft,3
8,67.0,,,0.0,0.0,0.0,0.0,Aircraft,3
8,68.0,,,0.0,0.0,0.0,0.0,Aircraft,3
8,69.0,,,0.0,0.0,0.0,0.0,Aircraft,3
8,70.0,,,0.0,0.0,0.0,0.0,Aircraft,3
8,71.0,,,0.0,0.0,0.0,0.0,Aircraft,3
8,72.0,,,0.0,0.0,0.0,0.0,Aircraft,3
8,73.0,,,0.0,0.0,0.0,0.0,Aircraft,3
8,74.0,,,0.0,0.0,0.0,0.0,Aircraft,3
8,75.0,,,0.0,0.0,0.0,0.0,Aircraft,3
8,76.0,,,0.0,0.0,0.0,0.0,Aircraft,3
8,77.0,,,0.0,0.0,0.0,0.0,Aircraft,3
8,78.0,,,0.0,0.0,0.0,0.0,Aircraft,3
8,79.0,,,0.0,0.0,0.0,0.0,Aircraft,3
8,80.0,,,0.0,0.0,0.0,0.0,Aircraft,3
8,81.0,,,0.0,0.0,0.0,0.0,Aircraft,3
8,82.0,,,0.0,0.0,0.0,0.0,Aircraft,3
8,83.0,,,0.0,0.0,0.0,0.0,Aircraft,3
8,84.0,,,0.0,0.0,0.0,0.0,Aircraft,3
8,85.0,,,0.0,0.0,0.0,0.0,Aircraft,3
8,86.0,,,0.0,0.0,0.0,0.0,Aircraft,3
8,87.0,,,0.0,0.0,0.0,0.0,Aircraft,3
8,88.0,,,0.0,0.0,0.0,0.0,Aircraft,3
8,89.0,,,0.0,0.0,0.0,0.0,Aircraft,3
8,90.0,,,0.0,0.0,0.0,0.0,Aircraft,3
8,91.0,,,0.0,0.0,0.0,0.0,Aircraft,3
8,92.0,,,0.0,0.0,0.0,0.0,Aircraft,3
8,93.0,,,0.0,0.0,0.0,0.0,Aircraft,3
8,94.0,,,0.0,0.0,0.0,0.0,Aircraft,3
8,95.0,,,0.0,0.0,0.0,0.0,Aircraft,3
8,96.0,,,0.0,0.0,0.0,0.0,Aircraft,3
8,97.0,,,0.0,0.0,0.0,0.0,Aircraft,3
8,98.0,,,0.0,0.0,0.0,0.0,Aircraft,3
8,99.0,,,0.0,0.0,0.0,0.0,Aircraft,3
9,0.0,-50569.67520403913,-59561.00774819921,10228.12362792309,518.6604880443629,609.0905500347081,4.036372749967299,Aircraft,3
9,1.0,-91768.53733636788,-109031.85252819641,9863.54021078037,-41198.862132328744,-49470.844779997205,-364.5834171427207,Aircraft,3
9,2.0,265173656.54834333,318327437.67318803,2353380.7914123726,265265425.0856797,318436469.52571625,2343517.2512015924,Aircraft,3
9,3.0,,,0.0,0.0,0.0,0.0,Aircraft,3
9,4.0,,,0.0,0.0,0.0,0.0,Aircraft,3
9,5.0,,,0.0,0.0,0.0,0.0,Aircraft,3
9,6.0,,,0.0,0.0,0.0,0.0,Aircraft,3
9,7.0,,,0.0,0.0,0.0,0.0,Aircraft,3
9,8.0,,,0.0,0.0,0.0,0.0,Aircraft,3
9,9.0,,,0.0,0.0,0.0,0.0,Aircraft,3
9,10.0,,,0.0,0.0,0.0,0.0,Aircraft,3
9,11.0,,,0.0,0.0,0.0,0.0,Aircraft,3
9,12.0,,,0.0,0.0,0.0,0.0,Aircraft,3
9,13.0,,,0.0,0.0,0.0,0.0,Aircraft,3
9,14.0,,,0.0,0.0,0.0,0.0,Aircraft,3
9,15.0,,,0.0,0.0,0.0,0.0,Aircraft,3
9,16.0,,,0.0,0.0,0.0,0.0,Aircraft,3
9,17.0,,,0.0,0.0,0.0,0.0,Aircraft,3
9,18.0,,,0.0,0.0,0.0,0.0,Aircraft,3
9,19.0,,,0.0,0.0,0.0,0.0,Aircraft,3
9,20.0,,,0.0,0.0,0.0,0.0,Aircraft,3
9,21.0,,,0.0,0.0,0.0,0.0,Aircraft,3
9,22.0,,,0.0,0.0,0.0,0.0,Aircraft,3
9,23.0,,,0.0,0.0,0.0,0.0,Aircraft,3
9,24.0,,,0.0,0.0,0.0,0.0,Aircraft,3
9,25.0,,,0.0,0.0,0.0,0.0,Aircraft,3
9,26.0,,,0.0,0.0,0.0,0.0,Aircraft,3
9,27.0,,,0.0,0.0,0.0,0.0,Aircraft,3
9,28.0,,,0.0,0.0,0.0,0.0,Aircraft,3
9,29.0,,,0.0,0.0,0.0,0.0,Aircraft,3
9,30.0,,,0.0,0.0,0.0,0.0,Aircraft,3
9,31.0,,,0.0,0.0,0.0,0.0,Aircraft,3
9,32.0,,,0.0,0.0,0.0,0.0,Aircraft,3
9,33.0,,,0.0,0.0,0.0,0.0,Aircraft,3
9,34.0,,,0.0,0.0,0.0,0.0,Aircraft,3
9,35.0,,,0.0,0.0,0.0,0.0,Aircraft,3
9,36.0,,,0.0,0.0,0.0,0.0,Aircraft,3
9,37.0,,,0.0,0.0,0.0,0.0,Aircraft,3
9,38.0,,,0.0,0.0,0.0,0.0,Aircraft,3
9,39.0,,,0.0,0.0,0.0,0.0,Aircraft,3
9,40.0,,,0.0,0.0,0.0,0.0,Aircraft,3
9,41.0,,,0.0,0.0,0.0,0.0,Aircraft,3
9,42.0,,,0.0,0.0,0.0,0.0,Aircraft,3
9,43.0,,,0.0,0.0,0.0,0.0,Aircraft,3
9,44.0,,,0.0,0.0,0.0,0.0,Aircraft,3
9,45.0,,,0.0,0.0,0.0,0.0,Aircraft,3
9,46.0,,,0.0,0.0,0.0,0.0,Aircraft,3
9,47.0,,,0.0,0.0,0.0,0.0,Aircraft,3
9,48.0,,,0.0,0.0,0.0,0.0,Aircraft,3
9,49.0,,,0.0,0.0,0.0,0.0,Aircraft,3
9,50.0,,,0.0,0.0,0.0,0.0,Aircraft,3
9,51.0,,,0.0,0.0,0.0,0.0,Aircraft,3
9,52.0,,,0.0,0.0,0.0,0.0,Aircraft,3
9,53.0,,,0.0,0.0,0.0,0.0,Aircraft,3
9,54.0,,,0.0,0.0,0.0,0.0,Aircraft,3
9,55.0,,,0.0,0.0,0.0,0.0,Aircraft,3
9,56.0,,,0.0,0.0,0.0,0.0,Aircraft,3
9,57.0,,,0.0,0.0,0.0,0.0,Aircraft,3
9,58.0,,,0.0,0.0,0.0,0.0,Aircraft,3
9,59.0,,,0.0,0.0,0.0,0.0,Aircraft,3
9,60.0,,,0.0,0.0,0.0,0.0,Aircraft,3
9,61.0,,,0.0,0.0,0.0,0.0,Aircraft,3
9,62.0,,,0.0,0.0,0.0,0.0,Aircraft,3
9,63.0,,,0.0,0.0,0.0,0.0,Aircraft,3
9,64.0,,,0.0,0.0,0.0,0.0,Aircraft,3
9,65.0,,,0.0,0.0,0.0,0.0,Aircraft,3
9,66.0,,,0.0,0.0,0.0,0.0,Aircraft,3
9,67.0,,,0.0,0.0,0.0,0.0,Aircraft,3
9,68.0,,,0.0,0.0,0.0,0.0,Aircraft,3
9,69.0,,,0.0,0.0,0.0,0.0,Aircraft,3
9,70.0,,,0.0,0.0,0.0,0.0,Aircraft,3
9,71.0,,,0.0,0.0,0.0,0.0,Aircraft,3
9,72.0,,,0.0,0.0,0.0,0.0,Aircraft,3
9,73.0,,,0.0,0.0,0.0,0.0,Aircraft,3
9,74.0,,,0.0,0.0,0.0,0.0,Aircraft,3
9,75.0,,,0.0,0.0,0.0,0.0,Aircraft,3
9,76.0,,,0.0,0.0,0.0,0.0,Aircraft,3
9,77.0,,,0.0,0.0,0.0,0.0,Aircraft,3
9,78.0,,,0.0,0.0,0.0,0.0,Aircraft,3
9,79.0,,,0.0,0.0,0.0,0.0,Aircraft,3
9,80.0,,,0.0,0.0,0.0,0.0,Aircraft,3
9,81.0,,,0.0,0.0,0.0,0.0,Aircraft,3
9,82.0,,,0.0,0.0,0.0,0.0,Aircraft,3
9,83.0,,,0.0,0.0,0.0,0.0,Aircraft,3
9,84.0,,,0.0,0.0,0.0,0.0,Aircraft,3
9,85.0,,,0.0,0.0,0.0,0.0,Aircraft,3
9,86.0,,,0.0,0.0,0.0,0.0,Aircraft,3
9,87.0,,,0.0,0.0,0.0,0.0,Aircraft,3
9,88.0,,,0.0,0.0,0.0,0.0,Aircraft,3
9,89.0,,,0.0,0.0,0.0,0.0,Aircraft,3
9,90.0,,,0.0,0.0,0.0,0.0,Aircraft,3
9,91.0,,,0.0,0.0,0.0,0.0,Aircraft,3
9,92.0,,,0.0,0.0,0.0,0.0,Aircraft,3
9,93.0,,,0.0,0.0,0.0,0.0,Aircraft,3
9,94.0,,,0.0,0.0,0.0,0.0,Aircraft,3
9,95.0,,,0.0,0.0,0.0,0.0,Aircraft,3
9,96.0,,,0.0,0.0,0.0,0.0,Aircraft,3
9,97.0,,,0.0,0.0,0.0,0.0,Aircraft,3
9,98.0,,,0.0,0.0,0.0,0.0,Aircraft,3
9,99.0,,,0.0,0.0,0.0,0.0,Aircraft,3
10,0.0,45502.30773537387,66750.72987462938,8799.908443300546,-448.41250795969756,-662.5150735683635,-39.956935773736376,Aircraft,3
10,1.0,80678.16410150356,119750.3855895595,12295.656232426889,35175.85636612968,52999.65571493013,3495.747789126342,Aircraft,3
10,2.0,,,0.0,0.0,0.0,0.0,Aircraft,3
10,3.0,,,0.0,0.0,0.0,0.0,Aircraft,3
10,4.0,,,0.0,0.0,0.0,0.0,Aircraft,3
10,5.0,,,0.0,0.0,0.0,0.0,Aircraft,3
10,6.0,,,0.0,0.0,0.0,0.0,Aircraft,3
10,7.0,,,0.0,0.0,0.0,0.0,Aircraft,3
10,8.0,,,0.0,0.0,0.0,0.0,Aircraft,3
10,9.0,,,0.0,0.0,0.0,0.0,Aircraft,3
10,10.0,,,0.0,0.0,0.0,0.0,Aircraft,3
10,11.0,,,0.0,0.0,0.0,0.0,Aircraft,3
10,12.0,,,0.0,0.0,0.0,0.0,Aircraft,3
10,13.0,,,0.0,0.0,0.0,0.0,Aircraft,3
10,14.0,,,0.0,0.0,0.0,0.0,Aircraft,3
10,15.0,,,0.0,0.0,0.0,0.0,Aircraft,3
10,16.0,,,0.0,0.0,0.0,0.0,Aircraft,3
10,17.0,,,0.0,0.0,0.0,0.0,Aircraft,3
10,18.0,,,0.0,0.0,0.0,0.0,Aircraft,3
10,19.0,,,0.0,0.0,0.0,0.0,Aircraft,3
10,20.0,,,0.0,0.0,0.0,0.0,Aircraft,3
10,21.0,,,0.0,0.0,0.0,0.0,Aircraft,3
10,22.0,,,0.0,0.0,0.0,0.0,Aircraft,3
10,23.0,,,0.0,0.0,0.0,0.0,Aircraft,3
10,24.0,,,0.0,0.0,0.0,0.0,Aircraft,3
10,25.0,,,0.0,0.0,0.0,0.0,Aircraft,3
10,26.0,,,0.0,0.0,0.0,0.0,Aircraft,3
10,27.0,,,0.0,0.0,0.0,0.0,Aircraft,3
10,28.0,,,0.0,0.0,0.0,0.0,Aircraft,3
10,29.0,,,0.0,0.0,0.0,0.0,Aircraft,3
10,30.0,,,0.0,0.0,0.0,0.0,Aircraft,3
10,31.0,,,0.0,0.0,0.0,0.0,Aircraft,3
10,32.0,,,0.0,0.0,0.0,0.0,Aircraft,3
10,33.0,,,0.0,0.0,0.0,0.0,Aircraft,3
10,34.0,,,0.0,0.0,0.0,0.0,Aircraft,3
10,35.0,,,0.0,0.0,0.0,0.0,Aircraft,3
10,36.0,,,0.0,0.0,0.0,0.0,Aircraft,3
10,37.0,,,0.0,0.0,0.0,0.0,Aircraft,3
10,38.0,,,0.0,0.0,0.0,0.0,Aircraft,3
10,39.0,,,0.0,0.0,0.0,0.0,Aircraft,3
10,40.0,,,0.0,0.0,0.0,0.0,Aircraft,3
10,41.0,,,0.0,0.0,0.0,0.0,Aircraft,3
10,42.0,,,0.0,0.0,0.0,0.0,Aircraft,3
10,43.0,,,0.0,0.0,0.0,0.0,Aircraft,3
10,44.0,,,0.0,0.0,0.0,0.0,Aircraft,3
10,45.0,,,0.0,0.0,0.0,0.0,Aircraft,3
10,46.0,,,0.0,0.0,0.0,0.0,Aircraft,3
10,47.0,,,0.0,0.0,0.0,0.0,Aircraft,3
10,48.0,,,0.0,0.0,0.0,0.0,Aircraft,3
10,49.0,,,0.0,0.0,0.0,0.0,Aircraft,3
10,50.0,,,0.0,0.0,0.0,0.0,Aircraft,3
10,51.0,,,0.0,0.0,0.0,0.0,Aircraft,3
10,52.0,,,0.0,0.0,0.0,0.0,Aircraft,3
10,53.0,,,0.0,0.0,0.0,0.0,Aircraft,3
10,54.0,,,0.0,0.0,0.0,0.0,Aircraft,3
10,55.0,,,0.0,0.0,0.0,0.0,Aircraft,3
10,56.0,,,0.0,0.0,0.0,0.0,Aircraft,3
10,57.0,,,0.0,0.0,0.0,0.0,Aircraft,3
10,58.0,,,0.0,0.0,0.0,0.0,Aircraft,3
10,59.0,,,0.0,0.0,0.0,0.0,Aircraft,3
10,60.0,,,0.0,0.0,0.0,0.0,Aircraft,3
10,61.0,,,0.0,0.0,0.0,0.0,Aircraft,3
10,62.0,,,0.0,0.0,0.0,0.0,Aircraft,3
10,63.0,,,0.0,0.0,0.0,0.0,Aircraft,3
10,64.0,,,0.0,0.0,0.0,0.0,Aircraft,3
10,65.0,,,0.0,0.0,0.0,0.0,Aircraft,3
10,66.0,,,0.0,0.0,0.0,0.0,Aircraft,3
10,67.0,,,0.0,0.0,0.0,0.0,Aircraft,3
10,68.0,,,0.0,0.0,0.0,0.0,Aircraft,3
10,69.0,,,0.0,0.0,0.0,0.0,Aircraft,3
10,70.0,,,0.0,0.0,0.0,0.0,Aircraft,3
10,71.0,,,0.0,0.0,0.0,0.0,Aircraft,3
10,72.0,,,0.0,0.0,0.0,0.0,Aircraft,3
10,73.0,,,0.0,0.0,0.0,0.0,Aircraft,3
10,74.0,,,0.0,0.0,0.0,0.0,Aircraft,3
10,75.0,,,0.0,0.0,0.0,0.0,Aircraft,3
10,76.0,,,0.0,0.0,0.0,0.0,Aircraft,3
10,77.0,,,0.0,0.0,0.0,0.0,Aircraft,3
10,78.0,,,0.0,0.0,0.0,0.0,Aircraft,3
10,79.0,,,0.0,0.0,0.0,0.0,Aircraft,3
10,80.0,,,0.0,0.0,0.0,0.0,Aircraft,3
10,81.0,,,0.0,0.0,0.0,0.0,Aircraft,3
10,82.0,,,0.0,0.0,0.0,0.0,Aircraft,3
10,83.0,,,0.0,0.0,0.0,0.0,Aircraft,3
10,84.0,,,0.0,0.0,0.0,0.0,Aircraft,3
10,85.0,,,0.0,0.0,0.0,0.0,Aircraft,3
10,86.0,,,0.0,0.0,0.0,0.0,Aircraft,3
10,87.0,,,0.0,0.0,0.0,0.0,Aircraft,3
10,88.0,,,0.0,0.0,0.0,0.0,Aircraft,3
10,89.0,,,0.0,0.0,0.0,0.0,Aircraft,3
10,90.0,,,0.0,0.0,0.0,0.0,Aircraft,3
10,91.0,,,0.0,0.0,0.0,0.0,Aircraft,3
10,92.0,,,0.0,0.0,0.0,0.0,Aircraft,3
10,93.0,,,0.0,0.0,0.0,0.0,Aircraft,3
10,94.0,,,0.0,0.0,0.0,0.0,Aircraft,3
10,95.0,,,0.0,0.0,0.0,0.0,Aircraft,3
10,96.0,,,0.0,0.0,0.0,0.0,Aircraft,3
10,97.0,,,0.0,0.0,0.0,0.0,Aircraft,3
10,98.0,,,0.0,0.0,0.0,0.0,Aircraft,3
10,99.0,,,0.0,0.0,0.0,0.0,Aircraft,3
